model,image,price,link,name_tr
6435,https://numismat.net/image/catalog/image/catalog/image/catalog/image/catalog/image/catalog/image/catalog/products-2024/silv0324/0.jpg,1750.0000,https://numismat.net/galatasaray-23-sampiyonluk-gumus-uzeri-altin-kaplama-hatira-parasi,Galatasaray 23.Şampiyonluk Gümüş Üzeri Altın Kaplama Hatıra Parası
6436,https://numismat.net/image/catalog/image/catalog/image/catalog/image/catalog/image/catalog/image/catalog/image/catalog/products-2024/silv0324/2.jpg,2000.0000,https://numismat.net/2023-yili-galatasaray-23-sampiyonluk-gumus-uzeri-altin-kaplama-hatira-parasi,2023 Yılı Galatasaray 23.Şampiyonluk Gümüş Üzeri Altın Kaplama Hatıra Parası
6437,https://numismat.net/image/catalog/image/catalog/image/catalog/image/catalog/image/catalog/image/catalog/image/catalog/products-2024/silv0324/4.jpg,1550.0000,https://numismat.net/2021-yili-yunus-emre-ve-turkce-yili-gumus-darphane-hatira-parasi,2021 Yılı Yunus Emre ve Türkçe Yılı Gümüş Darphane Hatıra Parası
6438,https://numismat.net/image/catalog/image/catalog/image/catalog/image/catalog/image/catalog/image/catalog/image/catalog/products-2024/silv0324/6.jpg,1500.0000,https://numismat.net/2023-yili-togg-turkiyetirnaknin-otomobili-girisimi-grubu-gumus-hatira-parasi,2023 Yılı Togg Türkiye'nin Otomobili Girişimi Grubu Gümüş Hatıra Parası
6439,https://numismat.net/image/catalog/image/catalog/image/catalog/image/catalog/image/catalog/image/catalog/image/catalog/products-2024/silv0324/8.jpg,1600.0000,https://numismat.net/2021-yili-bilge-tonyukuk-abidesitirnaknin-dikilisinin-1300-yili-hatira-parasi-gumus,2021 Yılı Bilge Tonyukuk Abidesi'nin Dikilişinin 1300. Yılı Hatıra Parası Gümüş
6440,https://numismat.net/image/catalog/image/catalog/image/catalog/image/catalog/image/catalog/image/catalog/image/catalog/products-2024/silv0324/10.jpg,1600.0000,https://numismat.net/2021-yili-yildiz-kenter-geleneksel-turk-tiyatrosu-hatira-parasi-gumus,2021 Yılı Yıldız Kenter - Geleneksel Türk Tiyatrosu Hatıra Parası Gümüş
6441,https://numismat.net/image/catalog/image/catalog/image/catalog/image/catalog/image/catalog/image/catalog/image/catalog/products-2024/silv0324/12.jpg,1600.0000,https://numismat.net/2021-yili-ibn-i-sina-islam-alimleri-serisi-no-1-hatira-parasi-gumus,2021 Yılı İbn-i Sina İslam Alimleri Serisi No:1 Hatıra Parası Gümüş
6442,https://numismat.net/image/catalog/image/catalog/image/catalog/image/catalog/image/catalog/image/catalog/image/catalog/products-2024/silv0324/14.jpg,1600.0000,https://numismat.net/2022-yili-naim-suleymanoglu-turk-spor-insani-serisi-no-2-gumus-hatira-parasi,2022 Yılı Naim Süleymanoğlu Türk Spor İnsanı Serisi No:2 Gümüş Hatıra Parası
6443,https://numismat.net/image/catalog/image/catalog/image/catalog/image/catalog/image/catalog/image/catalog/image/catalog/products-2024/silv0324/16.jpg,1600.0000,https://numismat.net/2021-yili-karaman-yunus-emre-turbesi-gumus-hatira-parasi,2021 Yılı Karaman Yunus Emre Türbesi Gümüş Hatıra Parası
6444,https://numismat.net/image/catalog/image/catalog/image/catalog/image/catalog/image/catalog/image/catalog/image/catalog/products-2024/silv0324/18.jpg,1550.0000,https://numismat.net/2022-yili-mor-gabriel-manastiri-gumus-hatira-parasi,2022 Yılı Mor Gabriel Manastırı Gümüş Hatıra Parası
6445,https://numismat.net/image/catalog/image/catalog/image/catalog/image/catalog/image/catalog/image/catalog/image/catalog/products-2024/silv0324/20.jpg,1500.0000,https://numismat.net/2022-yili-korona-gumus-hatira-parasi,2022 Yılı Korona Gümüş Hatıra Parası
6446,https://numismat.net/image/catalog/image/catalog/image/catalog/image/catalog/image/catalog/image/catalog/image/catalog/products-2024/silv0324/22.jpg,1300.0000,https://numismat.net/2022-yili-ermenistan-gumus-500-dram-1-ons-kulce-para,2022 Yılı Ermenistan Gümüş 500 Dram 1 Ons Külçe para
6447,https://numismat.net/image/catalog/image/catalog/image/catalog/image/catalog/image/catalog/image/catalog/image/catalog/products-2024/silv0324/24.jpg,458.3300,https://numismat.net/suudi-arabistan-1951-yili-1-riyal-cilalti,Suudi Arabistan 1951 Yılı 1 Riyal ÇİLALTI
6448,https://numismat.net/image/catalog/image/catalog/image/catalog/image/catalog/image/catalog/image/catalog/image/catalog/products-2024/silv0324/26.jpg,708.3300,https://numismat.net/kanada-1958-yili-1-dolar-cct,Kanada 1958 Yılı 1 Dolar ÇÇT
00172-020003-00002,https://numismat.net/image/catalog/image/catalog/image/catalog/image/catalog/image/catalog/image/catalog/image/catalog/products-2024/silv0324/30.jpg,408.3300,https://numismat.net/abd-1964-yili-1-2-dolar-cct,ABD 1964 Yılı 1/2 Dolar ÇÇT
00173-020003-00003,https://numismat.net/image/catalog/image/catalog/image/catalog/image/catalog/image/catalog/image/catalog/image/catalog/products-2024/silv0324/32.jpg,437.5000,https://numismat.net/abd-1964-yili-1-2-dolar-cilalti,ABD 1964 Yılı 1/2 Dolar ÇİLALTI
6452,https://numismat.net/image/catalog/image/catalog/image/catalog/image/catalog/image/catalog/image/catalog/image/catalog/products-2024/silv0324/34.jpg,1500.0000,https://numismat.net/cad-2023-yili-5-000-frank-1-ons-kulce-para,Çad 2023 Yılı 5.000 Frank 1 ons Külçe Para
6453,https://numismat.net/image/catalog/image/catalog/image/catalog/image/catalog/image/catalog/image/catalog/image/catalog/products-2024/silv0324/36.jpg,1500.0000,https://numismat.net/cad-2023-yili-5-000-frank-1-ons-kulce-para-1,Çad 2023 Yılı 5.000 Frank 1 ons Külçe Para
6454,https://numismat.net/image/catalog/image/catalog/image/catalog/image/catalog/image/catalog/image/catalog/image/catalog/products-2024/silv0324/38.jpg,458.3300,https://numismat.net/abd-1964-yili-1-2-dolar-cil,ABD 1964 Yılı 1/2 Dolar ÇİL (-)
00174-020003-00004,https://numismat.net/image/catalog/image/catalog/image/catalog/image/catalog/image/catalog/image/catalog/image/catalog/products-2024/silv0324/40.jpg,458.3300,https://numismat.net/abd-1964-yili-1-2-dolar-cil-1,ABD 1964 Yılı 1/2 Dolar ÇİL (-)
6456,https://numismat.net/image/catalog/image/catalog/image/catalog/image/catalog/image/catalog/image/catalog/image/catalog/products-2024/silv0324/42.jpg,408.3300,https://numismat.net/abd-1962-yili-1-2-dolar-cct-artiarti,ABD 1962 Yılı 1/2 Dolar ÇÇT (++)
6457,https://numismat.net/image/catalog/image/catalog/image/catalog/image/catalog/image/catalog/image/catalog/image/catalog/products-2024/silv0324/44.jpg,200.0000,https://numismat.net/jersey-1945-yili-1-12-shilling-cil,Jersey 1945 Yılı 1/12 Shilling ÇİL
6465,https://numismat.net/image/catalog/image/catalog/image/catalog/image/catalog/image/catalog/image/catalog/image/catalog/products-2024/silv0324/60.jpg,175.0000,https://numismat.net/almanya-1938-yili-5-pfennig-cct-2,Almanya 1938 Yılı 5 Pfennig ÇÇT
6466,https://numismat.net/image/catalog/image/catalog/image/catalog/image/catalog/image/catalog/image/catalog/image/catalog/products-2024/silv0324/62.jpg,175.0000,https://numismat.net/almanya-1938-yili-5-pfennig-cct-3,Almanya 1938 Yılı 5 Pfennig ÇÇT
00167-020001-00050,https://numismat.net/image/catalog/image/catalog/image/catalog/image/catalog/image/catalog/image/catalog/image/catalog/products-2024/silv0324/68.jpg,362.5000,https://numismat.net/fransa-1960-yili-5-frank-cct,Fransa 1960 Yılı 5 Frank ÇÇT
00170-020001-00053,https://numismat.net/image/catalog/image/catalog/image/catalog/image/catalog/image/catalog/image/catalog/image/catalog/products-2024/silv0324/70.jpg,333.3300,https://numismat.net/italya-1960-yili-500-lira-cct,İTALYA 1960 Yılı 500 Lira ÇÇT
00168-020001-00051,https://numismat.net/image/catalog/image/catalog/image/catalog/image/catalog/image/catalog/image/catalog/image/catalog/products-2024/silv0324/72.jpg,383.3300,https://numismat.net/fransa-1960-yili-5-frank-cct-artiarti,Fransa 1960 Yılı 5 Frank ÇÇT (++)
00169-020001-00052,https://numismat.net/image/catalog/image/catalog/image/catalog/image/catalog/image/catalog/image/catalog/image/catalog/products-2024/silv0324/76.jpg,362.5000,https://numismat.net/fransa-1964-yili-5-frank-cct,Fransa 1964 Yılı 5 Frank ÇÇT
6474,https://numismat.net/image/catalog/image/catalog/image/catalog/image/catalog/image/catalog/image/catalog/image/catalog/products-2024/silv0324/78.jpg,204.1700,https://numismat.net/abd-1951-yili-1-4-dolar-cct,ABD 1951 Yılı 1/4 Dolar ÇÇT
6475,https://numismat.net/image/catalog/image/catalog/image/catalog/image/catalog/image/catalog/image/catalog/image/catalog/products-2024/silv0324/80.jpg,188.3300,https://numismat.net/abd-1952-yili-1-4-dolar-ct-arti,ABD 1952 Yılı 1/4 Dolar ÇT (+)
6476,https://numismat.net/image/catalog/image/catalog/image/catalog/image/catalog/image/catalog/image/catalog/image/catalog/products-2024/silv0324/82.jpg,204.1700,https://numismat.net/abd-1964-yili-1-4-dolar-cct-1,ABD 1964 Yılı 1/4 Dolar ÇÇT
6477,https://numismat.net/image/catalog/image/catalog/image/catalog/image/catalog/image/catalog/image/catalog/image/catalog/products-2024/silv0324/84.jpg,204.1700,https://numismat.net/abd-1964-yili-1-4-dolar-cilalti,ABD 1964 Yılı 1/4 Dolar ÇİLALTI
6478,https://numismat.net/image/catalog/image/catalog/image/catalog/image/catalog/image/catalog/image/catalog/image/catalog/products-2024/silv0324/86.jpg,192.5000,https://numismat.net/abd-1934-yili-1-4-dolar-temiz,ABD 1934 Yılı 1/4 Dolar TEMİZ
6479,https://numismat.net/image/catalog/image/catalog/image/catalog/image/catalog/image/catalog/image/catalog/image/catalog/products-2024/silv0324/88.jpg,204.1700,https://numismat.net/abd-1943-yili-1-4-dolar-ct,ABD 1943 Yılı 1/4 Dolar ÇT
6480,https://numismat.net/image/catalog/image/catalog/image/catalog/image/catalog/image/catalog/image/catalog/image/catalog/products-2024/silv0324/90.jpg,188.3300,https://numismat.net/abd-1944-yili-1-4-dolar-temiz,ABD 1944 Yılı 1/4 Dolar TEMİZ
6481,https://numismat.net/image/catalog/image/catalog/image/catalog/image/catalog/image/catalog/image/catalog/image/catalog/products-2024/silv0324/92.jpg,188.3300,https://numismat.net/abd-1935-yili-1-4-dolar-temiz,ABD 1935 Yılı 1/4 Dolar TEMİZ
6482,https://numismat.net/image/catalog/image/catalog/image/catalog/image/catalog/image/catalog/image/catalog/image/catalog/products-2024/silv0324/94.jpg,204.1700,https://numismat.net/abd-1964-yili-1-4-dolar-cct,ABD 1964 Yılı 1/4 Dolar ÇÇT
6483,https://numismat.net/image/catalog/image/catalog/image/catalog/image/catalog/image/catalog/image/catalog/image/catalog/products-2024/silv0324/96.jpg,216.6700,https://numismat.net/isvec-1904-yili-1-krona-ct,İsveç 1904 Yılı 1 Krona ÇT
00171-020003-00001,https://numismat.net/image/catalog/image/catalog/image/catalog/image/catalog/image/catalog/image/catalog/image/catalog/products-2024/silv0324/100.jpg,408.3300,https://numismat.net/abd-1964-yili-1-2-dolar-cct-1,ABD 1964 Yılı 1/2 Dolar ÇÇT
6486,https://numismat.net/image/catalog/image/catalog/image/catalog/image/catalog/image/catalog/image/catalog/image/catalog/products-2024/silv0324/102.jpg,458.3300,https://numismat.net/suudi-arabistan-1951-yili-1-riyal-cilalti-1,Suudi Arabistan 1951 Yılı 1 Riyal ÇİLALTI
6488,https://numismat.net/image/catalog/image/catalog/image/catalog/products-2024/notgeld/2.jpg,25.0000,https://numismat.net/almanya-1921-yili-25-pfennig-bremen-sehri-notgeld-cil,Almanya 1921 Yılı 25 Pfennig Bremen Şehri Notgeld Çil
6489,https://numismat.net/image/catalog/image/catalog/image/catalog/products-2024/notgeld/3.jpg,25.0000,https://numismat.net/almanya-1920-yili-10-pfennig-kreis-diepholz-sehri-notgeld-cil,Almanya 1920 Yılı 10 Pfennig Kreis Diepholz Şehri Notgeld Çil
6490,https://numismat.net/image/catalog/image/catalog/image/catalog/products-2024/notgeld/4.jpg,25.0000,https://numismat.net/almanya-1921-yili-10-pfennig-kahla-sehri-notgeld-cil,Almanya 1921 Yılı 10 Pfennig Kahla Şehri Notgeld Çil
6491,https://numismat.net/image/catalog/image/catalog/image/catalog/products-2024/notgeld/5.jpg,25.0000,https://numismat.net/almanya-1921-yili-75-pfennig-gransee-sehri-notgeld-cilalti,Almanya 1921 Yılı 75 Pfennig Gransee Şehri Notgeld Çilaltı
6492,https://numismat.net/image/catalog/image/catalog/image/catalog/products-2024/notgeld/6.jpg,25.0000,https://numismat.net/almanya-1921-yili-25-pfennig-suhl-sehri-notgeld-cil,Almanya 1921 Yılı 25 Pfennig Suhl Şehri Notgeld Çil
6493,https://numismat.net/image/catalog/image/catalog/image/catalog/products-2024/notgeld/7.jpg,25.0000,https://numismat.net/almanya-1921-yili-50-pfennig-preetz-sehri-notgeld-cil,Almanya 1921 Yılı 50 Pfennig Preetz Şehri Notgeld Çil
6494,https://numismat.net/image/catalog/image/catalog/image/catalog/products-2024/notgeld/8.jpg,25.0000,https://numismat.net/almanya-1922-yili-50-pfennig-eisenach-sehri-notgeld-cilalti-1,Almanya 1922 Yılı 50 Pfennig Eisenach Şehri Notgeld Çilaltı
6495,https://numismat.net/image/catalog/image/catalog/image/catalog/products-2024/notgeld/9.jpg,25.0000,https://numismat.net/almanya-1921-yili-50-pfennig-oberammergau-sehri-notgeld-cilalti,Almanya 1921 Yılı 50 Pfennig Oberammergau Şehri Notgeld Çilaltı
6496,https://numismat.net/image/catalog/image/catalog/image/catalog/products-2024/notgeld/10.jpg,25.0000,https://numismat.net/almanya-1921-yili-50-pfennig-nordhausen-sehri-notgeld-cilalti,Almanya 1921 Yılı 50 Pfennig Nordhausen Şehri Notgeld Çilaltı
6497,https://numismat.net/image/catalog/image/catalog/image/catalog/products-2024/notgeld/11.jpg,25.0000,https://numismat.net/almanya-1921-yili-25-pfennig-swinemunde-sehri-notgeld-cil,Almanya 1921 Yılı 25 Pfennig Swinemünde Şehri Notgeld Çil
6498,https://numismat.net/image/catalog/image/catalog/image/catalog/products-2024/notgeld/12.jpg,25.0000,https://numismat.net/almanya-1921-yili-50-pfennig-zeulenroda-sehri-notgeld-cil,Almanya 1921 Yılı 50 Pfennig Zeulenroda Şehri Notgeld Çil
6499,https://numismat.net/image/catalog/image/catalog/image/catalog/products-2024/notgeld/13.jpg,25.0000,https://numismat.net/almanya-1921-yili-75-pfennig-oberammergau-sehri-notgeld-cilalti,Almanya 1921 Yılı 75 Pfennig Oberammergau Şehri Notgeld Çilaltı
6500,https://numismat.net/image/catalog/image/catalog/image/catalog/products-2024/notgeld/14.jpg,25.0000,https://numismat.net/almanya-1921-yili-75-pfennig-frohse-sehri-notgeld-cilalti,Almanya 1921 Yılı 75 Pfennig Frohse Şehri Notgeld Çilaltı
6501,https://numismat.net/image/catalog/image/catalog/image/catalog/products-2024/notgeld/15.jpg,25.0000,https://numismat.net/almanya-1921-yili-50-pfennig-osnabruck-sehri-notgeld-cil,Almanya 1921 Yılı 50 Pfennig Osnabrück Şehri Notgeld Çil
6502,https://numismat.net/image/catalog/image/catalog/image/catalog/products-2024/notgeld/16.jpg,25.0000,https://numismat.net/almanya-1921-yili-50-pfennig-camp-bornhofen-sehri-notgeld-cil,Almanya 1921 Yılı 50 Pfennig Camp Bornhofen Şehri Notgeld Çil
6503,https://numismat.net/image/catalog/image/catalog/image/catalog/products-2024/notgeld/17.jpg,25.0000,https://numismat.net/almanya-1921-yili-50-pfennig-bremerhaven-sehri-notgeld-cct,Almanya 1921 Yılı 50 Pfennig Bremerhaven Şehri Notgeld ÇÇT (++)
6504,https://numismat.net/image/catalog/image/catalog/image/catalog/products-2024/notgeld/18.jpg,25.0000,https://numismat.net/almanya-1921-yili-50-pfennig-kneitlingen-sehri-notgeld-cil,Almanya 1921 Yılı 50 Pfennig Kneitlingen  Şehri Notgeld Çil
6505,https://numismat.net/image/catalog/image/catalog/image/catalog/products-2024/notgeld/19.jpg,29.1667,https://numismat.net/almanya-1921-yili-25-pfennig-mainz-sehri-notgeld-ct,Almanya 1921 Yılı 25 Pfennig Mainz Şehri Notgeld ÇT
6506,https://numismat.net/image/catalog/image/catalog/image/catalog/products-2024/notgeld/20.jpg,25.0000,https://numismat.net/almanya-1921-yili-25-pfennig-nordhausen-sehri-notgeld-cilalti,Almanya 1921 Yılı 25 Pfennig Nordhausen Şehri Notgeld Çilaltı
6507,https://numismat.net/image/catalog/image/catalog/image/catalog/products-2024/notgeld/21.jpg,25.0000,https://numismat.net/almanya-1922-yili-75-pfennig-bad-lauterberg-sehri-notgeld-cil,Almanya 1922 Yılı 75 Pfennig Bad Lauterberg Şehri Notgeld Çil
6508,https://numismat.net/image/catalog/image/catalog/image/catalog/products-2024/notgeld/22.jpg,25.0000,https://numismat.net/almanya-1921-yili-75-pfennig-glauchau-sehri-notgeld-cilalti,Almanya 1921 Yılı 75 Pfennig Glauchau Şehri Notgeld Çilaltı
6509,https://numismat.net/image/catalog/image/catalog/image/catalog/products-2024/notgeld/23.jpg,25.0000,https://numismat.net/almanya-1921-yili-50-pfennig-twistringen-sehri-notgeld-cil,Almanya 1921 Yılı 50 Pfennig Twistringen Şehri Notgeld Çil
6510,https://numismat.net/image/catalog/image/catalog/image/catalog/products-2024/notgeld/24.jpg,25.0000,https://numismat.net/almanya-1921-yili-50-pfennig-thuringia-sehri-notgeld-cilalti,Almanya 1921 Yılı 50 Pfennig Thuringia Şehri Notgeld Çilaltı
6511,https://numismat.net/image/catalog/image/catalog/image/catalog/products-2024/notgeld/25.jpg,25.0000,https://numismat.net/almanya-1921-yili-75-pfennig-eisfeld-sehri-notgeld-cil,Almanya 1921 Yılı 75 Pfennig Eisfeld Şehri Notgeld Çil
6512,https://numismat.net/image/catalog/image/catalog/image/catalog/products-2024/notgeld/26.jpg,25.0000,https://numismat.net/almanya-1921-yili-25-pfennig-castrop-sehri-notgeld-cil,Almanya 1921 Yılı 25 Pfennig Castrop Şehri Notgeld Çil
6513,https://numismat.net/image/catalog/image/catalog/image/catalog/products-2024/notgeld/27.jpg,25.0000,https://numismat.net/almanya-1922-yili-75-pfennig-stettin-sehri-notgeld-cilalti-1,Almanya 1922 Yılı 75 Pfennig Stettin Şehri Notgeld Çilaltı
6514,https://numismat.net/image/catalog/image/catalog/image/catalog/products-2024/notgeld/28.jpg,29.1667,https://numismat.net/almanya-1921-yili-50-pfennig-hamburg-sehri-notgeld-cil,Almanya 1921 Yılı 50 Pfennig Hamburg Şehri Notgeld Çil
6515,https://numismat.net/image/catalog/image/catalog/image/catalog/products-2024/notgeld/29.jpg,29.1667,https://numismat.net/almanya-1921-yili-25-pfennig-eisfeld-sehri-notgeld-cil,Almanya 1921 Yılı 25 Pfennig Eisfeld Şehri Notgeld Çil
6516,https://numismat.net/image/catalog/image/catalog/image/catalog/products-2024/notgeld/30.jpg,25.0000,https://numismat.net/almanya-1922-yili-25-pfennig-stettin-sehri-notgeld-cil-1,Almanya 1922 Yılı 25 Pfennig Stettin Şehri Notgeld Çil (-)
6517,https://numismat.net/image/catalog/image/catalog/image/catalog/products-2024/notgeld/31.jpg,25.0000,https://numismat.net/almanya-1921-yili-25-pfennig-preeth-sehri-notgeld-cilalti,Almanya 1921 Yılı 25 Pfennig Preeth Şehri Notgeld Çilaltı
6518,https://numismat.net/image/catalog/image/catalog/image/catalog/products-2024/notgeld/32.jpg,25.0000,https://numismat.net/almanya-1921-yili-50-pfennig-fallersleben-sehri-notgeld-cil,Almanya 1921 Yılı 50 Pfennig Fallersleben Şehri Notgeld Çil (-)
6519,https://numismat.net/image/catalog/image/catalog/image/catalog/products-2024/notgeld/33.jpg,25.0000,https://numismat.net/almanya-1921-yili-50-pfennig-muhlhausen-sehri-notgeld-ct,Almanya 1921 Yılı 50 Pfennig Mühlhausen Şehri Notgeld ÇT
6520,https://numismat.net/image/catalog/image/catalog/image/catalog/products-2024/notgeld/34.jpg,25.0000,https://numismat.net/almanya-1921-yili-50-pfennig-hildburghausen-sehri-notgeld-cil,Almanya 1921 Yılı 50 Pfennig Hildburghausen Şehri Notgeld Çil
6521,https://numismat.net/image/catalog/image/catalog/image/catalog/products-2024/notgeld/35.jpg,25.0000,https://numismat.net/almanya-1921-yili-75-pfennig-goldap-sehri-notgeld-cil-1,Almanya 1921 Yılı 75 Pfennig Goldap Şehri Notgeld Çil
6522,https://numismat.net/image/catalog/image/catalog/image/catalog/products-2024/notgeld/36.jpg,25.0000,https://numismat.net/almanya-1921-yili-25-pfennig-nordhausen-sehri-notgeld-cil-1,Almanya 1921 Yılı 25 Pfennig Nordhausen Şehri Notgeld Çil
6523,https://numismat.net/image/catalog/image/catalog/image/catalog/products-2024/notgeld/37.jpg,25.0000,https://numismat.net/almanya-1920-yili-10-pfennig-wilhelmshaven-sehri-notgeld-cct-1,Almanya 1920 Yılı 10 Pfennig Wilhelmshaven  Şehri Notgeld ÇÇT
6524,https://numismat.net/image/catalog/image/catalog/image/catalog/products-2024/notgeld/38.jpg,25.0000,https://numismat.net/almanya-1921-yili-10-pfennig-herzogtum-lauenburg-sehri-notgeld-cil-1,Almanya 1921 Yılı 10 Pfennig Herzogtum Lauenburg  Şehri Notgeld Çil
6525,https://numismat.net/image/catalog/image/catalog/image/catalog/products-2024/notgeld/39.jpg,25.0000,https://numismat.net/almanya-1921-yili-20-pfennig-herzogtum-lauenburg-sehri-notgeld-cil,Almanya 1921 Yılı 20 Pfennig Herzogtum Lauenburg  Şehri Notgeld Çil
6526,https://numismat.net/image/catalog/image/catalog/image/catalog/products-2024/notgeld/40.jpg,25.0000,https://numismat.net/almanya-1920-yili-50-pfennig-bad-berka-sehri-notgeld-cilalti-1,Almanya 1920 Yılı 50 Pfennig Bad Berka Şehri Notgeld Çilaltı
6527,https://numismat.net/image/catalog/image/catalog/image/catalog/products-2024/notgeld/41.jpg,25.0000,https://numismat.net/almanya-1921-yili-20-pfennig-blankenese-sehri-notgeld-cil-1,Almanya 1921 Yılı 20 Pfennig Blankenese Şehri Notgeld Çil
6528,https://numismat.net/image/catalog/image/catalog/image/catalog/products-2024/notgeld/42.jpg,25.0000,https://numismat.net/almanya-1921-yili-50-pfennig-vlotho-sehri-notgeld-cil,Almanya 1921 Yılı 50 Pfennig Vlotho Şehri Notgeld Çil
6529,https://numismat.net/image/catalog/image/catalog/image/catalog/products-2024/notgeld/43.jpg,25.0000,https://numismat.net/almanya-1921-yili-50-pfennig-heide-sehri-notgeld-cil-1,Almanya 1921 Yılı 50 Pfennig Heide Şehri Notgeld Çil
6530,https://numismat.net/image/catalog/image/catalog/products-2024/1.jpg,41.6660,https://numismat.net/7-emisyon-100-tl-c64-cil,7. Emisyon 100 TL C67 ÇİL
türkiye7.Emisyon100TLD51,https://numismat.net/image/catalog/image/catalog/image/catalog/image/catalog/products-2024/7emmision/1.jpg,40.0000,https://numismat.net/https-numismat-net-7-emisyon-100-tl-d51-ci-l,7. Emisyon 100 TL D51  ÇİL (-)
türkiye7.Emisyon100TLE61,https://numismat.net/image/catalog/image/catalog/image/catalog/image/catalog/products-2024/7emmision/2.jpg,40.0000,https://numismat.net/https-numismat-net-7-emisyon-100-tl-e61-ci-l,7. Emisyon 100 TL E61  ÇİL
türkiye7.Emisyon1.000TLA08,https://numismat.net/image/catalog/image/catalog/image/catalog/image/catalog/products-2024/7emmision/4.jpg,40.0000,https://numismat.net/https-numismat-net-7-emisyon-1-000-tl-a08-ci-l,7. Emisyon 1.000 TL A08  ÇİL
"lübnan20161,000Lira220",https://numismat.net/image/catalog/image/catalog/image/catalog/products-2024/may24/44.jpg,5.0000,https://numismat.net/https-numismat-net-lubnan-2016-yili-1-000-lira-cil,"Lübnan 2016 Yılı 1,000 Lira  Çil"
rusya19975Ruble221,https://numismat.net/image/catalog/image/catalog/image/catalog/products-2024/may24/45.jpg,5.8333,https://numismat.net/https-numismat-net-rusya-1997-yili-5-ruble-cil,Rusya 1997 Yılı 5 Ruble  Çil
kamboçya2014100Kyat222,https://numismat.net/image/catalog/image/catalog/image/catalog/products-2024/may24/46.jpg,5.8333,https://numismat.net/https-numismat-net-kambocya-2014-yili-100-kyat-cil,Kamboçya 2014 Yılı 100 Kyat  Çil
suriye200950Lira223,https://numismat.net/image/catalog/image/catalog/image/catalog/products-2024/may24/47.jpg,5.8333,https://numismat.net/https-numismat-net-suriye-2009-yili-50-lira-cil,Suriye 2009 Yılı 50 Lira  Çil
suriye2021100Lira224,https://numismat.net/image/catalog/image/catalog/image/catalog/products-2024/may24/48.jpg,5.8333,https://numismat.net/https-numismat-net-suriye-2021-yili-100-lira-cil,Suriye 2021 Yılı 100 Lira  Çil
suriye2021200Lira225,https://numismat.net/image/catalog/image/catalog/image/catalog/products-2024/may24/49.jpg,5.8333,https://numismat.net/https-numismat-net-suriye-2021-yili-200-lira-cil,Suriye 2021 Yılı 200 Lira  Çil
suriye2013500Lira226,https://numismat.net/image/catalog/image/catalog/image/catalog/products-2024/may24/50.jpg,5.8333,https://numismat.net/https-numismat-net-suriye-2013-yili-500-lira-cil,Suriye 2013 Yılı 500 Lira  Çil
"suriye20131,000Lira227",https://numismat.net/image/catalog/image/catalog/image/catalog/products-2024/may24/51.jpg,5.8333,https://numismat.net/https-numismat-net-suriye-2013-yili-1-000-lira-cil,"Suriye 2013 Yılı 1,000 Lira  Çil"
mısır201750Kuruş228,https://numismat.net/image/catalog/image/catalog/image/catalog/products-2024/may24/52.jpg,5.8333,https://numismat.net/https-numismat-net-misir-2017-yili-50-kurus-cil,Mısır 2017 Yılı 50 Kuruş  Çil
özbekistan1997200Som229,https://numismat.net/image/catalog/image/catalog/image/catalog/products-2024/may24/53.jpg,5.8333,https://numismat.net/https-numismat-net-ozbekistan-1997-yili-200-som-cil,Özbekistan 1997 Yılı 200 Som  Çil
venezuela20182Bolivar230,https://numismat.net/image/catalog/image/catalog/image/catalog/products-2024/may24/54.jpg,5.8333,https://numismat.net/https-numismat-net-venezuela-2018-yili-2-bolivar-cil,Venezuela 2018 Yılı 2 Bolivar  Çil
venezuela20185Bolivar231,https://numismat.net/image/catalog/image/catalog/image/catalog/products-2024/may24/55.jpg,5.8333,https://numismat.net/https-numismat-net-venezuela-2018-yili-5-bolivar-cil,Venezuela 2018 Yılı 5 Bolivar  Çil
venezuela20085Bolivar232,https://numismat.net/image/catalog/image/catalog/image/catalog/products-2024/may24/56.jpg,5.8333,https://numismat.net/https-numismat-net-venezuela-2008-yili-5-bolivar-cil,Venezuela 2008 Yılı 5 Bolivar  Çil
venezuela201820Bolivar233,https://numismat.net/image/catalog/image/catalog/image/catalog/products-2024/may24/57.jpg,5.8333,https://numismat.net/https-numismat-net-venezuela-2018-yili-20-bolivar-cil,Venezuela 2018 Yılı 20 Bolivar  Çil
venezuela201850Bolivar234,https://numismat.net/image/catalog/image/catalog/image/catalog/products-2024/may24/58.jpg,5.8333,https://numismat.net/https-numismat-net-venezuela-2018-yili-50-bolivar-cil,Venezuela 2018 Yılı 50 Bolivar  Çil
venezuela2017500Bolivar235,https://numismat.net/image/catalog/image/catalog/image/catalog/products-2024/may24/59.jpg,5.8333,https://numismat.net/https-numismat-net-venezuela-2017-yili-500-bolivar-cil,Venezuela 2017 Yılı 500 Bolivar  Çil
"venezuela20171,000Bolivar236",https://numismat.net/image/catalog/image/catalog/image/catalog/products-2024/may24/60.jpg,5.8333,https://numismat.net/https-numismat-net-venezuela-2017-yili-1-000-bolivar-cil,"Venezuela 2017 Yılı 1,000 Bolivar  Çil"
"i̇ran10,000Riyal237",https://numismat.net/image/catalog/image/catalog/image/catalog/products-2024/may24/61.jpg,5.8333,https://numismat.net/https-numismat-net-i-ran-yili-10-000-riyal-cil,"İran 10,000 Riyal Çil"
"i̇ran5,000Riyal238",https://numismat.net/image/catalog/image/catalog/image/catalog/products-2024/may24/62.jpg,5.8333,https://numismat.net/https-numismat-net-i-ran-yili-5-000-riyal-cil,"İran 5,000 Riyal  Çil"
i̇ran1Tümen239,https://numismat.net/image/catalog/image/catalog/image/catalog/products-2024/may24/63.jpg,5.8333,https://numismat.net/https-numismat-net-i-ran-yili-1-tumen-cil,İran 2023 Yılı 1 Tümen  Çil
i̇ran2Tümen240,https://numismat.net/image/catalog/image/catalog/image/catalog/products-2024/may24/64.jpg,5.8333,https://numismat.net/https-numismat-net-i-ran-yili-2-tumen-cil,İran 2023 Yılı 2 Tümen  Çil
"i̇ran20,000Riyal241",https://numismat.net/image/catalog/image/catalog/image/catalog/products-2024/may24/65.jpg,5.8333,https://numismat.net/https-numismat-net-i-ran-yili-20-000-riyal-cil,"İran 20,000 Riyal  Çil"
irak198125Dinar242,https://numismat.net/image/catalog/image/catalog/image/catalog/products-2024/may24/66.jpg,5.8333,https://numismat.net/https-numismat-net-irak-1981-yili-25-dinar-cct,Irak 1981 Yılı 25 Dinar  ÇÇT
millipiyango10tlfiligran243,https://numismat.net/image/catalog/image/catalog/image/catalog/products-2024/may24/97.jpg,50.0000,https://numismat.net/https-numismat-net-milli-piyango-bileti-7emisyon-10tl-cil,1985 Yılı Milli Piyango Yarım Bilet 7. Emisyon 10 TL Filigranlı
finlandiya19631Markka244,https://numismat.net/image/catalog/image/catalog/image/catalog/products-2024/may24/98.jpg,125.0000,https://numismat.net/https-numismat-net-finlandiya-1963-yili-1-markka-cil,Finlandiya 1963 Yılı 1 Markka  Çil
finlandiya19631Markka245,https://numismat.net/image/catalog/image/catalog/image/catalog/products-2024/may24/99.jpg,125.0000,https://numismat.net/https-numismat-net-finlandiya-1963-yili-1-markka-cil-1,Finlandiya 1963 Yılı 1 Markka  Çil
bulgaristan1993100Leva246,https://numismat.net/image/catalog/image/catalog/image/catalog/products-2024/may24/100.jpg,100.0000,https://numismat.net/https-numismat-net-bulgaristan-1993-yili-100-leva-cil,Bulgaristan 1993 Yılı 100 Leva  Çil
bulgaristan1993100Leva247,https://numismat.net/image/catalog/image/catalog/image/catalog/products-2024/may24/101.jpg,83.3333,https://numismat.net/https-numismat-net-bulgaristan-1993-yili-100-leva-cilalti,Bulgaristan 1993 Yılı 100 Leva  Çilaltı
almanya192310MilyonMark248,https://numismat.net/image/catalog/image/catalog/image/catalog/products-2024/may24/102.jpg,50.0000,https://numismat.net/https-numismat-net-almanya-1923-yili-10-milyon-mark-cil,Almanya 1923 Yılı 10 Milyon Mark  Çil
almanya192310MilyonMark249,https://numismat.net/image/catalog/image/catalog/image/catalog/products-2024/may24/103.jpg,50.0000,https://numismat.net/https-numismat-net-almanya-1923-yili-10-milyon-mark-cil-1,Almanya 1923 Yılı 10 Milyon Mark  Çil
almanya192310MilyonMark250,https://numismat.net/image/catalog/image/catalog/image/catalog/products-2024/may24/104.jpg,50.0000,https://numismat.net/https-numismat-net-almanya-1923-yili-10-milyon-mark-cil-2,Almanya 1923 Yılı 10 Milyon Mark  Çil
rwanda1989100Frank252,https://numismat.net/image/catalog/image/catalog/image/catalog/products-2024/may24/107.jpg,125.0000,https://numismat.net/https-numismat-net-rwanda-1989-yili-100-frank-cil,Rwanda 1989 Yılı 100 Frank  Çil
venezuela1998500Bolivar253,https://numismat.net/image/catalog/image/catalog/image/catalog/products-2024/may24/108.jpg,70.8333,https://numismat.net/https-numismat-net-venezuela-1998-yili-500-bolivar-cil,Venezuela 1998 Yılı 500 Bolivar  Çil
srilanka200650Rupi255,https://numismat.net/image/catalog/image/catalog/image/catalog/products-2024/may24/110.jpg,66.6667,https://numismat.net/https-numismat-net-sri-lanka-2006-yili-50-rupi-cil-1,Sri Lanka 2006 Yılı 50 Rupi  Çil
arjantin20022Peso256,https://numismat.net/image/catalog/image/catalog/image/catalog/products-2024/may24/111.jpg,37.5000,https://numismat.net/https-numismat-net-arjantin-2002-yili-2-peso-cil,Arjantin 2002 Yılı 2 Peso  Çil
arjantin200310Peso257,https://numismat.net/image/catalog/image/catalog/image/catalog/products-2024/may24/112.jpg,37.5000,https://numismat.net/https-numismat-net-arjantin-2003-yili-10-peso-cil,Arjantin 2003 Yılı 10 Peso  Çil
arjantin200320Peso258,https://numismat.net/image/catalog/image/catalog/image/catalog/products-2024/may24/113.jpg,37.5000,https://numismat.net/https-numismat-net-arjantin-2003-yili-20-peso-cil,Arjantin 2003 Yılı 20 Peso  Çil
arjantin201850Peso259,https://numismat.net/image/catalog/image/catalog/image/catalog/products-2024/may24/114.jpg,37.5000,https://numismat.net/https-numismat-net-arjantin-2018-yili-50-peso-cil,Arjantin 2018 Yılı 50 Peso  Çil
peru1987100Inti260,https://numismat.net/image/catalog/image/catalog/image/catalog/products-2024/may24/115.jpg,50.0000,https://numismat.net/https-numismat-net-peru-1987-yili-100-inti-cil,Peru 1987 Yılı 100 Inti  Çil
venezuela199510Bolivar261,https://numismat.net/image/catalog/image/catalog/image/catalog/products-2024/may24/116.jpg,50.0000,https://numismat.net/https-numismat-net-venezuela-1995-yili-10-bolivar-cil,Venezuela 1995 Yılı 10 Bolivar  Çil
pakistan202375Rupi262,https://numismat.net/image/catalog/image/catalog/image/catalog/products-2024/may24/117.jpg,50.0000,https://numismat.net/https-numismat-net-pakistan-2023-yili-75-rupi-cil,Pakistan 2023 Yılı 75 Rupi  Çil
"brezilya19891,000Cruzado263",https://numismat.net/image/catalog/image/catalog/image/catalog/products-2024/may24/118.jpg,50.0000,https://numismat.net/https-numismat-net-brezilya-1989-yili-1-000-cruzado-yeni-1-cruzado-sursajli-cil,"Brezilya 1989 Yılı 1,000 Cruzado Yeni 1 Cruzado Sürsajlı Çil"
"peru198810,000Inti264",https://numismat.net/image/catalog/image/catalog/image/catalog/products-2024/may24/119.jpg,50.0000,https://numismat.net/https-numismat-net-peru-1988-yili-10-000-inti-cil,"Peru 1988 Yılı 10,000 Inti  Çil"
filipinler198110Piso265,https://numismat.net/image/catalog/image/catalog/image/catalog/products-2024/may24/120.jpg,37.5000,https://numismat.net/https-numismat-net-filipinler-1981-yili-10-piso-cil,Filipinler 1981 Yılı 10 Piso  Çil
küba20161Peso266,https://numismat.net/image/catalog/image/catalog/image/catalog/products-2024/may24/121.png,41.6667,https://numismat.net/https-numismat-net-kuba-2016-yili-1-peso-cil,Küba 2016 Yılı 1 Peso  Çil
walkingliberty001,https://numismat.net/image/catalog/image/catalog/products-2024/13-3.jpg,1750.0000,https://numismat.net/abd-1987-yili-walking-liberty-1-ons-kulce-para,"ABD 1987 Yılı ""Walking Liberty"" 1 ons Külçe Para"
00166-020001-00049,https://numismat.net/image/catalog/image/catalog/image/catalog/image/catalog/products-2024/07prdct/1.jpg,500.0000,https://numismat.net/hollanda-2004-yili-5-euro-cil,Hollanda 2004 Yılı 5 Euro  Çil
prdct2407002,https://numismat.net/image/catalog/image/catalog/image/catalog/image/catalog/products-2024/07prdct/2.jpg,1750.0000,https://numismat.net/2023-yili-galatasaray-23-sampiyonluk-gumus-hatira-parasi,2023 Yılı Galatasaray 23. Şampiyonluk Gümüş Hatıra Parası
prdct2407003,https://numismat.net/image/catalog/image/catalog/image/catalog/image/catalog/products-2024/07prdct/3.jpg,1750.0000,https://numismat.net/2023-yili-galatasaray-23-sampiyonluk-gumus-hatira-parasi-1,2023 Yılı Galatasaray 23. Şampiyonluk Gümüş Hatıra Parası
prdct2407004,https://numismat.net/image/catalog/image/catalog/image/catalog/image/catalog/products-2024/07prdct/4.jpg,1750.0000,https://numismat.net/guney-afrika-2020-yili-krugerrand-1-ons-gumus-cil,Güney Afrika 2020 Yılı Krugerrand 1 Ons Gümüş  Çil (+)
prdct2407005,https://numismat.net/image/catalog/image/catalog/image/catalog/image/catalog/products-2024/07prdct/5.jpg,400.0000,https://numismat.net/1992-yili-yahudi-gocu-darphane-hatira-nikel,1992 Yılı Yahudi Göçü Darphane Hatıra Nikel
prdct2407006,https://numismat.net/image/catalog/image/catalog/image/catalog/image/catalog/products-2024/07prdct/6.jpg,5500.0000,https://numismat.net/meksika-1892-yili-altin-1-peso-au-58,Meksika 1892 Yılı Altın 1 Peso  AU 58
00155-020001-00038,https://numismat.net/image/catalog/image/catalog/image/catalog/image/catalog/products-2024/07prdct/7.jpg,75.0000,https://numismat.net/almanya-1942-yili-1-pfennig-ct-arti,Almanya 1942 Yılı 1 Pfennig ÇT (+)
00156-020001-00039,https://numismat.net/image/catalog/image/catalog/image/catalog/image/catalog/products-2024/07prdct/8.jpg,75.0000,https://numismat.net/almanya-1942-yili-1-pfennig-ct-artiarti,Almanya 1942 Yılı 1 Pfennig ÇT (++)
00157-020001-00040,https://numismat.net/image/catalog/image/catalog/image/catalog/image/catalog/products-2024/07prdct/9.jpg,100.0000,https://numismat.net/almanya-1941-yili-10-pfennig-cct,Almanya 1941 Yılı 10 Pfennig ÇÇT
00158-020001-00041,https://numismat.net/image/catalog/image/catalog/image/catalog/image/catalog/products-2024/07prdct/10.jpg,150.0000,https://numismat.net/almanya-1939-yili-1-pfennig-cct,Almanya 1939 Yılı 1 Pfennig ÇÇT
00159-020001-00042,https://numismat.net/image/catalog/image/catalog/image/catalog/image/catalog/products-2024/07prdct/11.jpg,150.0000,https://numismat.net/almanya-1939-yili-1-pfennig-cct-artiarti,Almanya 1939 Yılı 1 Pfennig ÇÇT (++)
00160-020001-00043,https://numismat.net/image/catalog/image/catalog/image/catalog/image/catalog/products-2024/07prdct/12.jpg,150.0000,https://numismat.net/almanya-1939-yili-1-pfennig-cct-arti,Almanya 1939 Yılı 1 Pfennig ÇÇT (+)
00161-020001-00044,https://numismat.net/image/catalog/image/catalog/image/catalog/image/catalog/products-2024/07prdct/13.jpg,200.0000,https://numismat.net/almanya-1938-yili-2-pfennig-cct-arti,Almanya 1938 Yılı 2 Pfennig ÇÇT (+)
00162-020001-00045,https://numismat.net/image/catalog/image/catalog/image/catalog/image/catalog/products-2024/07prdct/14.jpg,200.0000,https://numismat.net/almanya-1939-yili-2-pfennig-cilalti,Almanya 1939 Yılı 2 Pfennig ÇİLALTI
00163-020001-00046,https://numismat.net/image/catalog/image/catalog/image/catalog/image/catalog/products-2024/07prdct/15.jpg,200.0000,https://numismat.net/almanya-1940-yili-2-pfennig-cilalti,Almanya 1940 Yılı 2 Pfennig ÇİLALTI
00164-020001-00047,https://numismat.net/image/catalog/image/catalog/image/catalog/image/catalog/products-2024/07prdct/17.jpg,200.0000,https://numismat.net/almanya-1938-yili-5-pfennig-cct-1,Almanya 1938 Yılı 5 Pfennig ÇÇT
00165-020001-00048,https://numismat.net/image/catalog/image/catalog/image/catalog/image/catalog/products-2024/07prdct/18.jpg,200.0000,https://numismat.net/almanya-1938-yili-5-pfennig-cct,Almanya 1938 Yılı 5 Pfennig ÇÇT
prdct2408001,https://numismat.net/image/catalog/image/catalog/products-2024/1-4.jpg,15.0000,https://numismat.net/lubnan-2021-yili-5-000-lira-cil,Lübnan 2021 Yılı 5.000 Lira Çil
prdct2408002,https://numismat.net/image/catalog/image/catalog/products-2024/2-1.jpg,10.0000,https://numismat.net/belarus-2000-yili-100-ruble-cil,Belarus 2000 Yılı 100 Ruble  ÇİL
prdct2408003,https://numismat.net/image/catalog/image/catalog/products-2024/3.jpg,10.0000,https://numismat.net/sirbistan-2013-yili-10-dinar-cil,Sırbistan 2013 Yılı 10 Dinar  ÇİL
prdct2408004,https://numismat.net/image/catalog/image/catalog/products-2024/4.jpg,15.0000,https://numismat.net/nijerya-2022-yili-10-naira-cil-polimer,Nijerya 2022 Yılı 10 Naira ÇİL (Polimer)
prdct2408006,https://numismat.net/image/catalog/image/catalog/products-2024/6.jpg,10.0000,https://numismat.net/ozbekistan-1999-yili-500-som-cil,Özbekistan 1999 Yılı 500 Som ÇİL
prdct2408011,https://numismat.net/image/catalog/image/catalog/products-2024/10.png,10.0000,https://numismat.net/misir-2018-yili-1-pound-cil,Mısır 2018 Yılı 1 Pound Çil
prdct2408012,https://numismat.net/image/catalog/image/catalog/products-2024/11.png,30.0000,https://numismat.net/guyana-1996-2018-yili-20-dolar-cil,Guyana 1996-2018 Yılı 20 Dolar Çil
auxprdct001,https://numismat.net/image/catalog/image/catalog/products-2024/1594.jpg,150.0000,https://numismat.net/triplet-marka-30x-21mm-mercekli-lup,Triplet Marka 30X 21mm Mercekli Lüp
prdck2410001,https://numismat.net/image/catalog/image/catalog/products-2024/1602.jpg,300.0000,https://numismat.net/40x-25mm-cap-mercekli-beyaz-ve-mor-isikli-full-metal-govde-lup,40x 25mm Çap Mercekli Beyaz ve Mor Işıklı Full Metal Gövde Lüp
00001-020000-00001,https://numismat.net/image/catalog/image/catalog/image/catalog/image/catalog/products-2024/10prdct/nn0201/1.jpg,12.5000,https://numismat.net/vietnam-1988-yili-1-000-dong-ci-l,Vietnam 1988 Yılı 1.000 Dong  ÇİL
00002-020004-00001,https://numismat.net/image/catalog/image/catalog/image/catalog/image/catalog/products-2024/10prdct/nn0201/2.jpg,12.5000,https://numismat.net/venezuela-2016-yili-2-000-bolivar-ci-l,Venezuela 2016 Yılı 2.000 Bolivar  ÇİL
00003-020000-00002,https://numismat.net/image/catalog/image/catalog/image/catalog/image/catalog/products-2024/10prdct/nn0201/3.jpg,12.5000,https://numismat.net/lubnan-2014-yili-10-000-lira-ci-l,Lübnan 2014 Yılı 10.000 Lira  ÇİL
00004-020000-00003,https://numismat.net/image/catalog/image/catalog/image/catalog/image/catalog/products-2024/10prdct/nn0201/4.jpg,12.5000,https://numismat.net/cin-1980-yili-1-jiao-ci-l,Çin 1980 Yılı 1 Jiao  ÇİL
00005-020000-00004,https://numismat.net/image/catalog/image/catalog/image/catalog/image/catalog/products-2024/10prdct/nn0201/5.jpg,12.5000,https://numismat.net/banglades-2016-yili-2-taka-ci-l,Bangladeş 2016 Yılı 2 Taka  ÇİL
00006-020000-00005,https://numismat.net/image/catalog/image/catalog/image/catalog/image/catalog/products-2024/10prdct/nn0201/6.jpg,12.5000,https://numismat.net/endonezya-2022-yili-1-000-rupiah-ci-l,Endonezya 2022 Yılı 1.000 Rupiah  ÇİL
00007-020000-00006,https://numismat.net/image/catalog/image/catalog/image/catalog/image/catalog/products-2024/10prdct/nn0201/7.jpg,12.5000,https://numismat.net/nepal-2017-yili-5-rupi-ci-l,Nepal 2017 Yılı 5 Rupi  ÇİL
00008-020000-00007,https://numismat.net/image/catalog/image/catalog/image/catalog/image/catalog/products-2024/10prdct/nn0201/8.jpg,12.5000,https://numismat.net/nepal-2020-yili-10-rupi-ci-l,Nepal 2020 Yılı 10 Rupi  ÇİL
00009-020004-00002,https://numismat.net/image/catalog/image/catalog/image/catalog/image/catalog/products-2024/10prdct/nn0201/9.jpg,12.5000,https://numismat.net/venezuela-2016-yili-20-000-bolivar-ci-l,Venezuela 2016 Yılı 20.000 Bolivar  ÇİL
00010-020002-00001,https://numismat.net/image/catalog/image/catalog/image/catalog/image/catalog/products-2024/10prdct/nn0201/10.jpg,12.5000,https://numismat.net/kongo-2013-yili-50-frank-ci-l,Kongo 2013 Yılı 50 Frank  ÇİL
00011-020004-00003,https://numismat.net/image/catalog/image/catalog/image/catalog/image/catalog/products-2024/10prdct/nn0201/11.jpg,12.5000,https://numismat.net/venezuela-2016-yili-10-000-bolivar-ci-l,Venezuela 2016 Yılı 10.000 Bolivar  ÇİL
00012-020000-00008,https://numismat.net/image/catalog/image/catalog/image/catalog/image/catalog/products-2024/10prdct/nn0201/12.jpg,12.5000,https://numismat.net/mogolistan-2019-yili-50-togreg-ci-l,Moğolistan 2019 Yılı 50 Tögreg  ÇİL
00013-020004-00004,https://numismat.net/image/catalog/image/catalog/image/catalog/image/catalog/products-2024/10prdct/nn0201/13.jpg,12.5000,https://numismat.net/venezuela-2018-yili-100-bolivar-ci-l,Venezuela 2018 Yılı 100 Bolivar  ÇİL
00014-020004-00005,https://numismat.net/image/catalog/image/catalog/image/catalog/image/catalog/products-2024/10prdct/nn0201/14.jpg,12.5000,https://numismat.net/venezuela-2017-yili-100-bolivar-ci-l,Venezuela 2017 Yılı 100 Bolivar  ÇİL
00015-020004-00006,https://numismat.net/image/catalog/image/catalog/image/catalog/image/catalog/products-2024/10prdct/nn0201/15.jpg,12.5000,https://numismat.net/venezuela-2018-yili-10-bolivar-ci-l,Venezuela 2018 Yılı 10 Bolivar  ÇİL
00016-020000-00009,https://numismat.net/image/catalog/image/catalog/image/catalog/image/catalog/products-2024/10prdct/nn0201/16.jpg,12.5000,https://numismat.net/mogolistan-2020-yili-100-togreg-ci-l,Moğolistan 2020 Yılı 100 Tögreg  ÇİL
00017-020002-00002,https://numismat.net/image/catalog/image/catalog/image/catalog/image/catalog/products-2024/10prdct/nn0201/17.jpg,12.5000,https://numismat.net/somali-1991-yili-50-shilin-ci-l,Somali 1991 Yılı 50 Shilin  ÇİL
00018-020001-00001,https://numismat.net/image/catalog/image/catalog/image/catalog/image/catalog/products-2024/10prdct/nn0201/18.jpg,12.5000,https://numismat.net/belarus-2000-yili-50-ruble-ci-l,Belarus 2000 Yılı 50 Ruble  ÇİL
00019-020001-00002,https://numismat.net/image/catalog/image/catalog/image/catalog/image/catalog/products-2024/10prdct/nn0201/19.jpg,12.5000,https://numismat.net/belarus-2000-yili-100-ruble-ci-l,Belarus 2000 Yılı 100 Ruble  ÇİL
00020-020000-00010,https://numismat.net/image/catalog/image/catalog/image/catalog/image/catalog/products-2024/10prdct/nn0201/20.jpg,12.5000,https://numismat.net/mogolistan-2020-yili-20-ruble-ci-l,Moğolistan 2020 Yılı 20 Ruble  ÇİL
00022-020000-00011,https://numismat.net/image/catalog/image/catalog/image/catalog/image/catalog/products-2024/10prdct/nn0201/22.jpg,12.5000,https://numismat.net/lubnan-2021-yili-5-000-lira-ci-l,Lübnan 2021 Yılı 5.000 Lira  ÇİL
00023-020000-00012,https://numismat.net/image/catalog/image/catalog/image/catalog/image/catalog/products-2024/10prdct/nn0201/23.jpg,12.5000,https://numismat.net/ozbekistan-1994-yili-100-som-ci-l,Özbekistan 1994 Yılı 100 Som  ÇİL
00024-020000-00013,https://numismat.net/image/catalog/image/catalog/image/catalog/image/catalog/products-2024/10prdct/nn0201/24.jpg,12.5000,https://numismat.net/kambocya-2014-yili-500-riel-ci-l,Kamboçya 2014 Yılı 500 Riel  ÇİL
00025-020000-00014,https://numismat.net/image/catalog/image/catalog/image/catalog/image/catalog/products-2024/10prdct/nn0201/25.jpg,12.5000,https://numismat.net/i-ran-2015-yili-50-000-riyal-tahran-universitesi-ci-l,İran 2015 Yılı 50.000 Riyal  (Tahran Üniversitesi) ÇİL
00026-020002-00003,https://numismat.net/image/catalog/image/catalog/image/catalog/image/catalog/products-2024/10prdct/nn0201/26.jpg,12.5000,https://numismat.net/malavi-2020-yili-20-kwacha-ci-l,Malavi 2020 Yılı 20 Kwacha  ÇİL
00001-010004-00001,https://numismat.net/image/catalog/image/catalog/image/catalog/image/catalog/products-2024/10prdct/42.jpg,50.0000,https://numismat.net/osmanli-mehmed-resad-1327-6-1915-yili-10-para-ct,Osmanlı Mehmed Reşad 1327/6 (1915) Yılı 10 Para  ÇT
00002-010004-00002,https://numismat.net/image/catalog/image/catalog/image/catalog/image/catalog/products-2024/10prdct/43.jpg,50.0000,https://numismat.net/osmanli-mehmed-resad-1327-5-1914-yili-10-para-ct,Osmanlı Mehmed Reşad 1327/5 (1914) Yılı 10 Para  ÇT
00003-010004-00003,https://numismat.net/image/catalog/image/catalog/image/catalog/image/catalog/products-2024/10prdct/44.jpg,50.0000,https://numismat.net/osmanli-mehmed-resad-1327-6-1915-yili-20-para-cct,Osmanlı Mehmed Reşad 1327/6 (1915) Yılı 20 Para  ÇÇT
00004-010004-00004,https://numismat.net/image/catalog/image/catalog/image/catalog/image/catalog/products-2024/10prdct/45.jpg,50.0000,https://numismat.net/osmanli-mehmed-resad-1327-6-1915-yili-20-para-ct,Osmanlı Mehmed Reşad 1327/6 (1915) Yılı 20 Para  ÇT
00005-010004-00005,https://numismat.net/image/catalog/image/catalog/image/catalog/image/catalog/products-2024/10prdct/46.jpg,50.0000,https://numismat.net/osmanli-mehmed-resad-1327-5-1914-yili-20-para-cct,Osmanlı Mehmed Reşad 1327/5 (1914) Yılı 20 Para  ÇÇT
00006-010004-00006,https://numismat.net/image/catalog/image/catalog/image/catalog/image/catalog/products-2024/10prdct/47.jpg,50.0000,https://numismat.net/osmanli-mehmed-resad-1327-6-1915-yili-20-para-ct-1,Osmanlı Mehmed Reşad 1327/6 (1915) Yılı 20 Para  ÇT
00008-010004-00008,https://numismat.net/image/catalog/image/catalog/image/catalog/image/catalog/products-2024/10prdct/49.jpg,50.0000,https://numismat.net/osmanli-mehmed-resad-1327-5-1914-yili-20-para-ct,Osmanlı Mehmed Reşad 1327/5 (1914) Yılı 20 Para  ÇT
00009-010004-00009,https://numismat.net/image/catalog/image/catalog/image/catalog/image/catalog/products-2024/10prdct/50.jpg,50.0000,https://numismat.net/osmanli-mehmed-resad-1327-2-1910-yili-20-para-temi-z,Osmanlı Mehmed Reşad 1327/2 (1910) Yılı 20 Para  TEMİZ
00010-010004-00010,https://numismat.net/image/catalog/image/catalog/image/catalog/image/catalog/products-2024/10prdct/51.jpg,50.0000,https://numismat.net/osmanli-mehmed-resad-1327-5-1914-yili-20-para-ct-1,Osmanlı Mehmed Reşad 1327/5 (1914) Yılı 20 Para  ÇT
00011-010004-00011,https://numismat.net/image/catalog/image/catalog/image/catalog/image/catalog/products-2024/10prdct/52.jpg,50.0000,https://numismat.net/osmanli-mehmed-resad-1327-6-1915-yili-20-para-ct-2,Osmanlı Mehmed Reşad 1327/6 (1915) Yılı 20 Para  ÇT
00012-010004-00012,https://numismat.net/image/catalog/image/catalog/image/catalog/image/catalog/products-2024/10prdct/53.jpg,50.0000,https://numismat.net/osmanli-mehmed-resad-1327-3-1911-yili-20-para-cct,Osmanlı Mehmed Reşad 1327/3 (1911) Yılı 20 Para  ÇÇT
00013-010004-00013,https://numismat.net/image/catalog/image/catalog/image/catalog/image/catalog/products-2024/10prdct/54.jpg,50.0000,https://numismat.net/osmanli-mehmed-resad-1327-2-1910-yili-20-para-ct-1,Osmanlı Mehmed Reşad 1327/2 (1910) Yılı 20 Para  ÇT (+)
00014-010004-00014,https://numismat.net/image/catalog/image/catalog/image/catalog/image/catalog/products-2024/10prdct/55.jpg,50.0000,https://numismat.net/osmanli-mehmed-resad-1327-5-1914-yili-40-para-ct,Osmanlı Mehmed Reşad 1327/5 (1914) Yılı 40 Para  ÇT
00015-010004-00015,https://numismat.net/image/catalog/image/catalog/image/catalog/image/catalog/products-2024/10prdct/56.jpg,50.0000,https://numismat.net/osmanli-mehmed-resad-1327-5-1914-yili-40-para-cct,Osmanlı Mehmed Reşad 1327/5 (1914) Yılı 40 Para  ÇÇT
00016-010004-00016,https://numismat.net/image/catalog/image/catalog/image/catalog/image/catalog/products-2024/10prdct/57.jpg,100.0000,https://numismat.net/osmanli-mehmed-resad-1327-8-1917-yili-40-para-ct,Osmanlı Mehmed Reşad 1327/8 (1917) Yılı 40 Para  ÇT
00017-010004-00017,https://numismat.net/image/catalog/image/catalog/image/catalog/image/catalog/products-2024/10prdct/58.jpg,300.0000,https://numismat.net/osmanli-mehmed-resad-1327-9-1918-yili-40-para-ct,Osmanlı Mehmed Reşad 1327/9 (1918) Yılı 40 Para  ÇT
00018-000006-00001,https://numismat.net/image/catalog/image/catalog/image/catalog/image/catalog/products-2024/10prdct/38.jpg,50.0000,https://numismat.net/darphane-1999-yili-sarapcilik-f-a-o-darphane-hatira-aluminyum,1999 Yılı Şarapçılık F.A.O. Darphane Hatıra Alüminyum
00019-000006-00002,https://numismat.net/image/catalog/image/catalog/image/catalog/image/catalog/products-2024/10prdct/39.jpg,50.0000,https://numismat.net/darphane-1999-yili-sarapcilik-f-a-o-darphane-hatira-aluminyum-1,1999 Yılı Şarapçılık F.A.O. Darphane Hatıra Alüminyum
00020-000006-00003,https://numismat.net/image/catalog/image/catalog/image/catalog/image/catalog/products-2024/10prdct/40.jpg,50.0000,https://numismat.net/darphane-1999-yili-sarapcilik-f-a-o-darphane-hatira-aluminyum-2,1999 Yılı Şarapçılık F.A.O. Darphane Hatıra Alüminyum
00021-000006-00004,https://numismat.net/image/catalog/image/catalog/image/catalog/image/catalog/products-2024/10prdct/41.jpg,50.0000,https://numismat.net/darphane-1999-yili-sarapcilik-f-a-o-darphane-hatira-aluminyum-3,1999 Yılı Şarapçılık F.A.O. Darphane Hatıra Alüminyum
00022-000001-00001,https://numismat.net/image/catalog/image/catalog/image/catalog/image/catalog/products-2024/10prdct/22.jpg,125.0000,https://numismat.net/1948-yili-1-kurus-ci-l,1948 Yılı 1 Kuruş  ÇİL (+)
00023-000001-00002,https://numismat.net/image/catalog/image/catalog/image/catalog/image/catalog/products-2024/10prdct/23.jpg,125.0000,https://numismat.net/1948-yili-1-kurus-ci-l-1,1948 Yılı 1 Kuruş  ÇİL (+)
00024-000001-00003,https://numismat.net/image/catalog/image/catalog/image/catalog/image/catalog/products-2024/10prdct/24.jpg,125.0000,https://numismat.net/1948-yili-1-kurus-ci-l-2,1948 Yılı 1 Kuruş  ÇİL (+)
00025-000001-00004,https://numismat.net/image/catalog/image/catalog/image/catalog/image/catalog/products-2024/10prdct/25.jpg,125.0000,https://numismat.net/1948-yili-1-kurus-ci-l-3,1948 Yılı 1 Kuruş  ÇİL (+)
00026-000001-00005,https://numismat.net/image/catalog/image/catalog/image/catalog/image/catalog/products-2024/10prdct/30.jpg,125.0000,https://numismat.net/1949-yili-1-kurus-ci-l,1949 Yılı 1 Kuruş  ÇİL (+)
00027-000001-00006,https://numismat.net/image/catalog/image/catalog/image/catalog/image/catalog/products-2024/10prdct/31.jpg,70.8333,https://numismat.net/1950-yili-1-kurus-ci-lalti,1950 Yılı 1 Kuruş  ÇİLALTI
00028-000001-00007,https://numismat.net/image/catalog/image/catalog/image/catalog/image/catalog/products-2024/10prdct/32.jpg,70.8333,https://numismat.net/1951-yili-1-kurus-ci-l,1951 Yılı 1 Kuruş  ÇİL
00029-000001-00008,https://numismat.net/image/catalog/image/catalog/image/catalog/image/catalog/products-2024/10prdct/33.jpg,70.8333,https://numismat.net/1948-yili-1-kurus-ci-lalti,1948 Yılı 1 Kuruş  ÇİLALTI
00030-000001-00009,https://numismat.net/image/catalog/image/catalog/image/catalog/image/catalog/products-2024/10prdct/64-3.jpg,300.0000,https://numismat.net/1938-yili-1-kurus-ci-l,1938 Yılı 1 Kuruş  ÇİL
00031-000001-00010,https://numismat.net/image/catalog/image/catalog/image/catalog/image/catalog/products-2024/10prdct/13-3.jpg,350.0000,https://numismat.net/1938-yili-1-kurus-ci-l-1,1938 Yılı 1 Kuruş  ÇİL (+)
00032-000001-00011,https://numismat.net/image/catalog/image/catalog/image/catalog/image/catalog/products-2024/10prdct/14.jpg,200.0000,https://numismat.net/1947-yili-1-kurus-ci-l,1947 Yılı 1 Kuruş  ÇİL
00033-000001-00012,https://numismat.net/image/catalog/image/catalog/image/catalog/image/catalog/products-2024/10prdct/15.jpg,62.5000,https://numismat.net/1942-yili-10-para-ci-l,1942 Yılı 10 Para  ÇİL
00034-000001-00013,https://numismat.net/image/catalog/image/catalog/image/catalog/image/catalog/products-2024/10prdct/17.jpg,62.5000,https://numismat.net/1940-yili-10-para-ci-l,1940 Yılı 10 Para  ÇİL
00035-000001-00014,https://numismat.net/image/catalog/image/catalog/image/catalog/image/catalog/products-2024/10prdct/18.jpg,62.5000,https://numismat.net/1940-yili-10-para-ci-l-1,1940 Yılı 10 Para   ÇİL
00036-000003-00001,https://numismat.net/image/catalog/image/catalog/image/catalog/image/catalog/products-2024/10prdct/20.jpg,50.0000,https://numismat.net/1990-yili-cevremizi-sevelim-koruyalim-hatira-1-000-lira-ci-l,1990 Yılı Çevremizi Sevelim Koruyalım Hatıra 1.000 Lira  ÇİL
00037-000005-00001,https://numismat.net/image/catalog/image/catalog/image/catalog/image/catalog/products-2024/10prdct/60.jpg,150.0000,https://numismat.net/2012-yili-sayistay-in-150-yili-1-tl-ci-l,2012 Yılı Sayıştay'ın 150. Yılı 1 TL  ÇİL (+)
00038-000005-00002,https://numismat.net/image/catalog/image/catalog/image/catalog/image/catalog/products-2024/10prdct/62.jpg,150.0000,https://numismat.net/2012-yili-sayistay-in-150-yili-1-tl-ci-l-1,2012 Yılı Sayıştay'ın 150. Yılı 1 TL  ÇİL (+)
00039-000005-00003,https://numismat.net/image/catalog/image/catalog/image/catalog/image/catalog/products-2024/10prdct/63.jpg,150.0000,https://numismat.net/2012-yili-sayistay-in-150-yili-1-tl-ci-l-2,2012 Yılı Sayıştay'ın 150. Yılı 1 TL  ÇİL (+)
00040-020001-00005,https://numismat.net/image/catalog/image/catalog/image/catalog/image/catalog/products-2024/10prdct/21.jpg,150.0000,https://numismat.net/almanya-1922-yili-3-mark-ci-l,Almanya 1922 Yılı 3 Mark  ÇİL
00041-020001-00006,https://numismat.net/image/catalog/image/catalog/image/catalog/image/catalog/products-2024/10prdct/36.jpg,250.0000,https://numismat.net/almanya-1936-yili-1-pfennig-cct,Almanya 1936 Yılı 1 Pfennig  ÇÇT (+)
00042-020001-00007,https://numismat.net/image/catalog/image/catalog/image/catalog/image/catalog/products-2024/10prdct/11.jpg,350.0000,https://numismat.net/almanya-1938-yili-5-pfennig-ci-l,Almanya 1938 Yılı 5 Pfennig   ÇİL
00043-020001-00008,https://numismat.net/image/catalog/image/catalog/image/catalog/image/catalog/products-2024/10prdct/12.jpg,250.0000,https://numismat.net/almanya-1939-yili-10-pfennig-ci-lalti,Almanya 1939 Yılı 10 Pfennig  ÇİLALTI
00044-020001-00009,https://numismat.net/image/catalog/image/catalog/image/catalog/image/catalog/products-2024/10prdct/70.jpg,250.0000,https://numismat.net/fransa-1912-yili-50-centime-ci-l,Fransa 1912 Yılı 50 Centime  ÇİL
00045-020001-00010,https://numismat.net/image/catalog/image/catalog/image/catalog/image/catalog/products-2024/10prdct/71.jpg,250.0000,https://numismat.net/fransa-1912-yili-50-centime-ci-l-1,Fransa 1912 Yılı 50 Centime  ÇİL
00046-020001-00011,https://numismat.net/image/catalog/image/catalog/image/catalog/image/catalog/products-2024/10prdct/72.jpg,250.0000,https://numismat.net/fransa-1913-yili-50-centime-ci-l,Fransa 1913 Yılı 50 Centime  ÇİL
00047-020001-00012,https://numismat.net/image/catalog/image/catalog/image/catalog/image/catalog/products-2024/10prdct/73.jpg,250.0000,https://numismat.net/fransa-1913-yili-50-centime-ci-l-1,Fransa 1913 Yılı 50 Centime  ÇİL
00048-020001-00013,https://numismat.net/image/catalog/image/catalog/image/catalog/image/catalog/products-2024/10prdct/74.jpg,250.0000,https://numismat.net/fransa-1914-yili-50-centime-ci-l,Fransa 1914 Yılı 50 Centime  ÇİL
00049-020001-00014,https://numismat.net/image/catalog/image/catalog/image/catalog/image/catalog/products-2024/10prdct/75.jpg,250.0000,https://numismat.net/fransa-1914-yili-50-centime-ci-l-1,Fransa 1914 Yılı 50 Centime  ÇİL
00050-020001-00015,https://numismat.net/image/catalog/image/catalog/image/catalog/image/catalog/products-2024/10prdct/76.jpg,250.0000,https://numismat.net/fransa-1916-yili-50-centime-ci-l,Fransa 1916 Yılı 50 Centime  ÇİL
00051-020001-00016,https://numismat.net/image/catalog/image/catalog/image/catalog/image/catalog/products-2024/10prdct/77.jpg,250.0000,https://numismat.net/fransa-1916-yili-50-centime-ci-l-1,Fransa 1916 Yılı 50 Centime  ÇİL
00052-020001-00017,https://numismat.net/image/catalog/image/catalog/image/catalog/image/catalog/products-2024/10prdct/78.jpg,250.0000,https://numismat.net/fransa-1916-yili-50-centime-ci-l-2,Fransa 1916 Yılı 50 Centime  ÇİL
00053-020001-00018,https://numismat.net/image/catalog/image/catalog/image/catalog/image/catalog/products-2024/10prdct/79.jpg,250.0000,https://numismat.net/fransa-1917-yili-50-centime-ci-l,Fransa 1917 Yılı 50 Centime  ÇİL
00054-020001-00019,https://numismat.net/image/catalog/image/catalog/image/catalog/image/catalog/products-2024/10prdct/80.jpg,250.0000,https://numismat.net/belcika-1898-yili-50-centime-cct,Belçika 1898 Yılı 50 Centime  ÇÇT
00055-000006-00005,https://numismat.net/image/catalog/image/catalog/image/catalog/image/catalog/products-2024/10prdct/1.jpg,1750.0000,https://numismat.net/darphane-2022-yili-osmanli-padisahlari-serisi-ii-murad-no-6-darphane-hatira-gumus,2022 Yılı Osmanlı Padişahları Serisi: II. Murad No:6  Darphane Hatıra Gümüş
00056-000006-00006,https://numismat.net/image/catalog/image/catalog/image/catalog/image/catalog/products-2024/10prdct/2.jpg,1750.0000,https://numismat.net/darphane-2023-yili-turk-spor-i-nsanlari-serisi-lefter-kucukandonyadis-no-3-darphane-hatira-gumus,2023 Yılı Türk Spor İnsanları Serisi: Lefter Küçükandonyadis No:3  Darphane Hatıra Gümüş
00057-000006-00007,https://numismat.net/image/catalog/image/catalog/image/catalog/image/catalog/products-2024/10prdct/3.jpg,1750.0000,https://numismat.net/darphane-2021-yili-turk-devletleri-serisi-bati-hun-devleti-no-2-darphane-hatira-gumus,2021 Yılı Türk Devletleri Serisi: Batı Hun Devleti No:2  Darphane Hatıra Gümüş
00058-000006-00008,https://numismat.net/image/catalog/image/catalog/image/catalog/image/catalog/products-2024/10prdct/6-3.jpg,1708.3333,https://numismat.net/darphane-2017-yili-darphane-nin-kurulusu-550-yili-darphane-hatira-okside-gumus,2017 Yılı Darphane'nin Kuruluşu 550. Yılı  Darphane Hatıra Okside Gümüş
00044-000006-00009,https://numismat.net/image/catalog/image/catalog/image/catalog/image/catalog/products-2024/10prdct/nn0006/44.jpg,275.0000,https://numismat.net/darphane-1991-yili-5-000-lira-yunus-emre-sevgi-yili,1991 Yılı 5.000 Lira Yunus Emre Sevgi Yılı
00045-000006-00010,https://numismat.net/image/catalog/image/catalog/image/catalog/image/catalog/products-2024/10prdct/nn0006/45.jpg,275.0000,https://numismat.net/darphane-1991-yili-5-000-lira-yunus-emre-sevgi-yili-1,1991 Yılı 5.000 Lira Yunus Emre Sevgi Yılı
00046-000006-00011,https://numismat.net/image/catalog/image/catalog/image/catalog/image/catalog/products-2024/10prdct/nn0006/46.jpg,275.0000,https://numismat.net/darphane-1991-yili-5-000-lira-yunus-emre-sevgi-yili-2,1991 Yılı 5.000 Lira Yunus Emre Sevgi Yılı
00047-000006-00012,https://numismat.net/image/catalog/image/catalog/image/catalog/image/catalog/products-2024/10prdct/nn0006/47.jpg,325.0000,https://numismat.net/darphane-1985-yili-500-lira-f-a-o-40-yil,1985 Yılı 500 Lira F.A.O. 40. Yıl
00048-000006-00013,https://numismat.net/image/catalog/image/catalog/image/catalog/image/catalog/products-2024/10prdct/nn0006/48.jpg,325.0000,https://numismat.net/darphane-1985-yili-500-lira-f-a-o-40-yil-1,1985 Yılı 500 Lira F.A.O. 40. Yıl
00049-000006-00014,https://numismat.net/image/catalog/image/catalog/image/catalog/image/catalog/products-2024/10prdct/nn0006/49.jpg,325.0000,https://numismat.net/darphane-1985-yili-500-lira-f-a-o-40-yil-2,1985 Yılı 500 Lira F.A.O. 40. Yıl
00050-000006-00015,https://numismat.net/image/catalog/image/catalog/image/catalog/image/catalog/products-2024/10prdct/nn0006/50.jpg,325.0000,https://numismat.net/darphane-1987-yili-1-000-lira-dunya-konut-yili,1987 Yılı 1.000 Lira Dünya Konut Yılı
00051-000006-00016,https://numismat.net/image/catalog/image/catalog/image/catalog/image/catalog/products-2024/10prdct/nn0006/51.jpg,325.0000,https://numismat.net/darphane-1987-yili-1-000-lira-dunya-konut-yili-1,1987 Yılı 1.000 Lira Dünya Konut Yılı
00052-000006-00017,https://numismat.net/image/catalog/image/catalog/image/catalog/image/catalog/products-2024/10prdct/nn0006/52.jpg,300.0000,https://numismat.net/darphane-1992-yili-5-000-lira-yahudi-gocu,1992 Yılı 5.000 Lira Yahudi Göçü
00053-000006-00018,https://numismat.net/image/catalog/image/catalog/image/catalog/image/catalog/products-2024/10prdct/nn0006/53.jpg,300.0000,https://numismat.net/darphane-1992-yili-5-000-lira-yahudi-gocu-1,1992 Yılı 5.000 Lira Yahudi Göçü
00054-000006-00019,https://numismat.net/image/catalog/image/catalog/image/catalog/image/catalog/products-2024/10prdct/nn0006/54.jpg,300.0000,https://numismat.net/darphane-1992-yili-5-000-lira-yahudi-gocu-2,1992 Yılı 5.000 Lira Yahudi Göçü
00055-000006-00020,https://numismat.net/image/catalog/image/catalog/image/catalog/image/catalog/products-2024/10prdct/nn0006/55.jpg,325.0000,https://numismat.net/darphane-1986-yili-1-000-lira-uluslararasi-baris-yili,1986 Yılı 1.000 Lira Uluslararası Barış Yılı
00056-000006-00021,https://numismat.net/image/catalog/image/catalog/image/catalog/image/catalog/products-2024/10prdct/nn0006/56.jpg,325.0000,https://numismat.net/darphane-1986-yili-1-000-lira-uluslararasi-baris-yili-1,1986 Yılı 1.000 Lira Uluslararası Barış Yılı
00057-000006-00022,https://numismat.net/image/catalog/image/catalog/image/catalog/image/catalog/products-2024/10prdct/nn0006/57.jpg,350.0000,https://numismat.net/darphane-1982-yili-100-lira-dunya-futbol-sampiyonasi,1982 Yılı 100 Lira Dünya Futbol Şampiyonası
00058-000006-00023,https://numismat.net/image/catalog/image/catalog/image/catalog/image/catalog/products-2024/10prdct/nn0006/58.jpg,350.0000,https://numismat.net/darphane-1982-yili-100-lira-dunya-futbol-sampiyonasi-1,1982 Yılı 100 Lira Dünya Futbol Şampiyonası
00059-000006-00024,https://numismat.net/image/catalog/image/catalog/image/catalog/image/catalog/products-2024/10prdct/nn0006/59.jpg,750.0000,https://numismat.net/darphane-1984-yili-500-lira-balikcilik-konferansi,1984 Yılı 500 Lira Balıkçılık Konferansı
00060-000006-00025,https://numismat.net/image/catalog/image/catalog/image/catalog/image/catalog/products-2024/10prdct/nn0006/60.jpg,750.0000,https://numismat.net/darphane-1984-yili-500-lira-balikcilik-konferansi-1,1984 Yılı 500 Lira Balıkçılık Konferansı
00061-000003-00002,https://numismat.net/image/catalog/image/catalog/image/catalog/image/catalog/products-2024/10prdct/nn0006/61.jpg,250.0000,https://numismat.net/1981-yili-20-lira-dunya-besin-gunu,1981 Yılı 20 Lira Dünya Besin Günü
00062-000003-00003,https://numismat.net/image/catalog/image/catalog/image/catalog/image/catalog/products-2024/10prdct/nn0006/62.jpg,250.0000,https://numismat.net/1981-yili-20-lira-dunya-besin-gunu-1,1981 Yılı 20 Lira Dünya Besin Günü
00063-000003-00004,https://numismat.net/image/catalog/image/catalog/image/catalog/image/catalog/products-2024/10prdct/nn0006/63.jpg,250.0000,https://numismat.net/1981-yili-20-lira-dunya-besin-gunu-2,1981 Yılı 20 Lira Dünya Besin Günü
00064-000002-00001,https://numismat.net/image/catalog/image/catalog/image/catalog/image/catalog/products-2024/10prdct/nn0006/64.jpg,250.0000,https://numismat.net/1977-yili-2-5-lira-herkese-ekmek-ve-konut,1977 Yılı 2.5 Lira Herkese Ekmek ve Konut
00065-000002-00002,https://numismat.net/image/catalog/image/catalog/image/catalog/image/catalog/products-2024/10prdct/nn0006/65.jpg,250.0000,https://numismat.net/1977-yili-2-5-lira-herkese-ekmek-ve-konut-1,1977 Yılı 2.5 Lira Herkese Ekmek ve Konut
00066-000002-00003,https://numismat.net/image/catalog/image/catalog/image/catalog/image/catalog/products-2024/10prdct/nn0006/66.jpg,250.0000,https://numismat.net/1977-yili-2-5-lira-herkese-ekmek-ve-konut-2,1977 Yılı 2.5 Lira Herkese Ekmek ve Konut
00067-000002-00004,https://numismat.net/image/catalog/image/catalog/image/catalog/image/catalog/products-2024/10prdct/nn0006/67.jpg,400.0000,https://numismat.net/1977-yili-2-5-lira-herkese-ekmek-ve-konut-ters-duz-takim,1977 Yılı 2.5 Lira Herkese Ekmek ve Konut Ters-Düz Takım
00068-000002-00005,https://numismat.net/image/catalog/image/catalog/image/catalog/image/catalog/products-2024/10prdct/nn0006/68.jpg,250.0000,https://numismat.net/1977-yili-5-lira-herkese-ekmek-ve-konut,1977 Yılı 5 Lira Herkese Ekmek ve Konut
00069-000002-00006,https://numismat.net/image/catalog/image/catalog/image/catalog/image/catalog/products-2024/10prdct/nn0006/69.jpg,250.0000,https://numismat.net/1977-yili-5-lira-herkese-ekmek-ve-konut-1,1977 Yılı 5 Lira Herkese Ekmek ve Konut
00070-000002-00007,https://numismat.net/image/catalog/image/catalog/image/catalog/image/catalog/products-2024/10prdct/nn0006/70.jpg,250.0000,https://numismat.net/1977-yili-5-lira-herkese-ekmek-ve-konut-2,1977 Yılı 5 Lira Herkese Ekmek ve Konut
00071-000002-00008,https://numismat.net/image/catalog/image/catalog/image/catalog/image/catalog/products-2024/10prdct/nn0006/71.jpg,250.0000,https://numismat.net/1977-yili-5-lira-herkese-ekmek-ve-konut-3,1977 Yılı 5 Lira Herkese Ekmek ve Konut
00072-000002-00009,https://numismat.net/image/catalog/image/catalog/image/catalog/image/catalog/products-2024/10prdct/nn0006/72.jpg,500.0000,https://numismat.net/1980-yili-2-5-lira-f-a-o-herkes-i-cin-balikcilik-ters-duz-takim,1980 Yılı 2.5 Lira F.A.O. Herkes İçin Balıkçılık Ters-Düz Takım
00073-000002-00010,https://numismat.net/image/catalog/image/catalog/image/catalog/image/catalog/products-2024/10prdct/nn0006/73.jpg,250.0000,https://numismat.net/1980-yili-2-5-lira-f-a-o-herkes-i-cin-balikcilik,1980 Yılı 2.5 Lira F.A.O. Herkes İçin Balıkçılık
00074-000002-00011,https://numismat.net/image/catalog/image/catalog/image/catalog/image/catalog/products-2024/10prdct/nn0006/74.jpg,250.0000,https://numismat.net/1980-yili-2-5-lira-f-a-o-herkes-i-cin-balikcilik-1,1980 Yılı 2.5 Lira F.A.O. Herkes İçin Balıkçılık
00075-000002-00012,https://numismat.net/image/catalog/image/catalog/image/catalog/image/catalog/products-2024/10prdct/nn0006/75.jpg,275.0000,https://numismat.net/1980-yili-5-lira-f-a-o-herkes-i-cin-balikcilik,1980 Yılı 5 Lira F.A.O. Herkes İçin Balıkçılık
00076-000002-00013,https://numismat.net/image/catalog/image/catalog/image/catalog/image/catalog/products-2024/10prdct/nn0006/76.jpg,275.0000,https://numismat.net/1980-yili-5-lira-f-a-o-herkes-i-cin-balikcilik-1,1980 Yılı 5 Lira F.A.O. Herkes İçin Balıkçılık
00077-000002-00014,https://numismat.net/image/catalog/image/catalog/image/catalog/image/catalog/products-2024/10prdct/nn0006/77.jpg,275.0000,https://numismat.net/1980-yili-5-lira-f-a-o-herkes-i-cin-balikcilik-2,1980 Yılı 5 Lira F.A.O. Herkes İçin Balıkçılık
00078-000002-00015,https://numismat.net/image/catalog/image/catalog/image/catalog/image/catalog/products-2024/10prdct/nn0006/78.jpg,275.0000,https://numismat.net/1980-yili-5-lira-f-a-o-herkes-i-cin-balikcilik-3,1980 Yılı 5 Lira F.A.O. Herkes İçin Balıkçılık
00079-000002-00016,https://numismat.net/image/catalog/image/catalog/image/catalog/image/catalog/products-2024/10prdct/nn0006/79.jpg,275.0000,https://numismat.net/1980-yili-5-lira-f-a-o-herkes-i-cin-balikcilik-4,1980 Yılı 5 Lira F.A.O. Herkes İçin Balıkçılık
00081-000002-00017,https://numismat.net/image/catalog/image/catalog/image/catalog/image/catalog/products-2024/10prdct/nn0006/81.jpg,250.0000,https://numismat.net/1978-yili-50-kurus-f-a-o-kadinin-susu-kultur-ve-erdem-olmalidir,1978 Yılı 50 Kuruş F.A.O. Kadının Süsü Kültür ve Erdem Olmalıdır
00082-000002-00018,https://numismat.net/image/catalog/image/catalog/image/catalog/image/catalog/products-2024/10prdct/nn0006/82.jpg,250.0000,https://numismat.net/1978-yili-1-lira-f-a-o-kadinin-susu-kultur-ve-erdem-olmalidir,1978 Yılı 1 Lira F.A.O. Kadının Süsü Kültür ve Erdem Olmalıdır
00083-000002-00019,https://numismat.net/image/catalog/image/catalog/image/catalog/image/catalog/products-2024/10prdct/nn0006/83.jpg,250.0000,https://numismat.net/1978-yili-1-lira-f-a-o-kadinin-susu-kultur-ve-erdem-olmalidir-1,1978 Yılı 1 Lira F.A.O. Kadının Süsü Kültür ve Erdem Olmalıdır
00084-000002-00020,https://numismat.net/image/catalog/image/catalog/image/catalog/image/catalog/products-2024/10prdct/nn0006/84.jpg,250.0000,https://numismat.net/1978-yili-2-5-lira-f-a-o-kadinin-susu-kultur-ve-erdem-olmalidir,1978 Yılı 2.5 Lira F.A.O. Kadının Süsü Kültür ve Erdem Olmalıdır
00085-000002-00021,https://numismat.net/image/catalog/image/catalog/image/catalog/image/catalog/products-2024/10prdct/nn0006/85.jpg,250.0000,https://numismat.net/1978-yili-2-5-lira-f-a-o-kadinin-susu-kultur-ve-erdem-olmalidir-1,1978 Yılı 2.5 Lira F.A.O. Kadının Süsü Kültür ve Erdem Olmalıdır
00086-000002-00022,https://numismat.net/image/catalog/image/catalog/image/catalog/image/catalog/products-2024/10prdct/nn0006/86.jpg,250.0000,https://numismat.net/1978-yili-2-5-lira-f-a-o-kadinin-susu-kultur-ve-erdem-olmalidir-2,1978 Yılı 2.5 Lira F.A.O. Kadının Süsü Kültür ve Erdem Olmalıdır
00087-000002-00023,https://numismat.net/image/catalog/image/catalog/image/catalog/image/catalog/products-2024/10prdct/nn0006/87.jpg,300.0000,https://numismat.net/1976-yili-5-lira-f-a-o-kadinin-susu-kultur-ve-erdem-olmalidir,1976 Yılı 5 Lira F.A.O. Kadının Süsü Kültür ve Erdem Olmalıdır
00088-000002-00024,https://numismat.net/image/catalog/image/catalog/image/catalog/image/catalog/products-2024/10prdct/nn0006/88.jpg,300.0000,https://numismat.net/1976-yili-5-lira-f-a-o-kadinin-susu-kultur-ve-erdem-olmalidir-1,1976 Yılı 5 Lira F.A.O. Kadının Süsü Kültür ve Erdem Olmalıdır
00089-000002-00025,https://numismat.net/image/catalog/image/catalog/image/catalog/image/catalog/products-2024/10prdct/nn0006/89.jpg,300.0000,https://numismat.net/1976-yili-5-lira-f-a-o-kadinin-susu-kultur-ve-erdem-olmalidir-2,1976 Yılı 5 Lira F.A.O. Kadının Süsü Kültür ve Erdem Olmalıdır
00090-000002-00026,https://numismat.net/image/catalog/image/catalog/image/catalog/image/catalog/products-2024/10prdct/nn0006/90.jpg,250.0000,https://numismat.net/1980-yili-50-kurus-f-a-o-koylu-kadinini-kalkindirma,1980 Yılı 50 Kuruş F.A.O. Köylü Kadınını Kalkındırma
00091-000002-00027,https://numismat.net/image/catalog/image/catalog/image/catalog/image/catalog/products-2024/10prdct/nn0006/91.jpg,250.0000,https://numismat.net/1980-yili-50-kurus-f-a-o-koylu-kadinini-kalkindirma-1,1980 Yılı 50 Kuruş F.A.O. Köylü Kadınını Kalkındırma
00092-000002-00028,https://numismat.net/image/catalog/image/catalog/image/catalog/image/catalog/products-2024/10prdct/nn0006/92.jpg,250.0000,https://numismat.net/1980-yili-50-kurus-f-a-o-koylu-kadinini-kalkindirma-2,1980 Yılı 50 Kuruş F.A.O. Köylü Kadınını Kalkındırma
00093-000002-00029,https://numismat.net/image/catalog/image/catalog/image/catalog/image/catalog/products-2024/10prdct/nn0006/93.jpg,250.0000,https://numismat.net/1980-yili-50-kurus-f-a-o-koylu-kadinini-kalkindirma-3,1980 Yılı 50 Kuruş F.A.O. Köylü Kadınını Kalkındırma
00094-000002-00030,https://numismat.net/image/catalog/image/catalog/image/catalog/image/catalog/products-2024/10prdct/nn0006/94.jpg,250.0000,https://numismat.net/1980-yili-50-kurus-f-a-o-koylu-kadinini-kalkindirma-4,1980 Yılı 50 Kuruş F.A.O. Köylü Kadınını Kalkındırma
00095-000002-00031,https://numismat.net/image/catalog/image/catalog/image/catalog/image/catalog/products-2024/10prdct/nn0006/95.jpg,250.0000,https://numismat.net/1980-yili-1-lira-f-a-o-koylu-kadinini-kalkindirma,1980 Yılı 1 Lira F.A.O. Köylü Kadınını Kalkındırma
00096-000002-00032,https://numismat.net/image/catalog/image/catalog/image/catalog/image/catalog/products-2024/10prdct/nn0006/96.jpg,250.0000,https://numismat.net/1980-yili-1-lira-f-a-o-koylu-kadinini-kalkindirma-1,1980 Yılı 1 Lira F.A.O. Köylü Kadınını Kalkındırma
00097-000002-00033,https://numismat.net/image/catalog/image/catalog/image/catalog/image/catalog/products-2024/10prdct/nn0006/97.jpg,250.0000,https://numismat.net/1980-yili-1-lira-f-a-o-koylu-kadinini-kalkindirma-2,1980 Yılı 1 Lira F.A.O. Köylü Kadınını Kalkındırma
00098-000002-00034,https://numismat.net/image/catalog/image/catalog/image/catalog/image/catalog/products-2024/10prdct/nn0006/98.jpg,250.0000,https://numismat.net/1980-yili-1-lira-f-a-o-koylu-kadinini-kalkindirma-3,1980 Yılı 1 Lira F.A.O. Köylü Kadınını Kalkındırma
00099-000002-00035,https://numismat.net/image/catalog/image/catalog/image/catalog/image/catalog/products-2024/10prdct/nn0006/99.jpg,250.0000,https://numismat.net/1980-yili-1-lira-f-a-o-koylu-kadinini-kalkindirma-4,1980 Yılı 1 Lira F.A.O. Köylü Kadınını Kalkındırma
00100-000002-00036,https://numismat.net/image/catalog/image/catalog/image/catalog/image/catalog/products-2024/10prdct/nn0006/100.jpg,250.0000,https://numismat.net/1980-yili-2-5-lira-f-a-o-koylu-kadinini-kalkindirma,1980 Yılı 2.5 Lira F.A.O. Köylü Kadınını Kalkındırma
00101-000002-00037,https://numismat.net/image/catalog/image/catalog/image/catalog/image/catalog/products-2024/10prdct/nn0006/101.jpg,250.0000,https://numismat.net/1980-yili-2-5-lira-f-a-o-koylu-kadinini-kalkindirma-1,1980 Yılı 2.5 Lira F.A.O. Köylü Kadınını Kalkındırma
00102-000002-00038,https://numismat.net/image/catalog/image/catalog/image/catalog/image/catalog/products-2024/10prdct/nn0006/102.jpg,300.0000,https://numismat.net/1980-yili-5-lira-f-a-o-koylu-kadinini-kalkindirma,1980 Yılı 5 Lira F.A.O. Köylü Kadınını Kalkındırma
00103-000002-00039,https://numismat.net/image/catalog/image/catalog/image/catalog/image/catalog/products-2024/10prdct/nn0006/103.jpg,300.0000,https://numismat.net/1980-yili-5-lira-f-a-o-koylu-kadinini-kalkindirma-1,1980 Yılı 5 Lira F.A.O. Köylü Kadınını Kalkındırma
00104-000002-00040,https://numismat.net/image/catalog/image/catalog/image/catalog/image/catalog/products-2024/10prdct/nn0006/104.jpg,250.0000,https://numismat.net/1979-yili-50-kurus-saban-kilictan-ustundur,1979 Yılı 50 Kuruş Saban Kılıçtan Üstündür
00105-000002-00041,https://numismat.net/image/catalog/image/catalog/image/catalog/image/catalog/products-2024/10prdct/nn0006/105.jpg,250.0000,https://numismat.net/1979-yili-50-kurus-saban-kilictan-ustundur-1,1979 Yılı 50 Kuruş Saban Kılıçtan Üstündür
00106-000002-00042,https://numismat.net/image/catalog/image/catalog/image/catalog/image/catalog/products-2024/10prdct/nn0006/106.jpg,250.0000,https://numismat.net/1979-yili-1-lira-saban-kilictan-ustundur,1979 Yılı 1 Lira Saban Kılıçtan Üstündür
00107-000002-00043,https://numismat.net/image/catalog/image/catalog/image/catalog/image/catalog/products-2024/10prdct/nn0006/107.jpg,250.0000,https://numismat.net/1979-yili-1-lira-saban-kilictan-ustundur-1,1979 Yılı 1 Lira Saban Kılıçtan Üstündür
00108-000002-00044,https://numismat.net/image/catalog/image/catalog/image/catalog/image/catalog/products-2024/10prdct/nn0006/108.jpg,150.0000,https://numismat.net/1970-yili-2-5-lira-saban-kilictan-ustundur,1970 Yılı 2.5 Lira Saban Kılıçtan Üstündür
00109-000002-00045,https://numismat.net/image/catalog/image/catalog/image/catalog/image/catalog/products-2024/10prdct/nn0006/109.jpg,150.0000,https://numismat.net/1970-yili-2-5-lira-saban-kilictan-ustundur-1,1970 Yılı 2.5 Lira Saban Kılıçtan Üstündür
00110-000002-00046,https://numismat.net/image/catalog/image/catalog/image/catalog/image/catalog/products-2024/10prdct/nn0006/110.jpg,150.0000,https://numismat.net/1970-yili-2-5-lira-saban-kilictan-ustundur-2,1970 Yılı 2.5 Lira Saban Kılıçtan Üstündür
00111-000002-00047,https://numismat.net/image/catalog/image/catalog/image/catalog/image/catalog/products-2024/10prdct/nn0006/111.jpg,300.0000,https://numismat.net/1970-yili-2-5-lira-saban-kilictan-ustundur-ters-duz-takim,1970 Yılı 2.5 Lira Saban Kılıçtan Üstündür Ters-Düz Takım
00112-000002-00048,https://numismat.net/image/catalog/image/catalog/image/catalog/image/catalog/products-2024/10prdct/nn0006/112.jpg,300.0000,https://numismat.net/1978-yili-5-lira-saban-kilictan-ustundur,1978 Yılı 5 Lira Saban Kılıçtan Üstündür
00113-000002-00049,https://numismat.net/image/catalog/image/catalog/image/catalog/image/catalog/products-2024/10prdct/nn0006/113.jpg,300.0000,https://numismat.net/1978-yili-5-lira-saban-kilictan-ustundur-1,1978 Yılı 5 Lira Saban Kılıçtan Üstündür
00114-000003-00005,https://numismat.net/image/catalog/image/catalog/image/catalog/image/catalog/products-2024/10prdct/nn0006/114.jpg,50.0000,https://numismat.net/1990-yili-1-000-lira-cevremizi-sevelim-koruyalim,1990 Yılı 1.000 Lira Çevremizi Sevelim Koruyalım
00115-000003-00006,https://numismat.net/image/catalog/image/catalog/image/catalog/image/catalog/products-2024/10prdct/nn0006/115.jpg,50.0000,https://numismat.net/1990-yili-1-000-lira-cevremizi-sevelim-koruyalim-1,1990 Yılı 1.000 Lira Çevremizi Sevelim Koruyalım
00116-000003-00007,https://numismat.net/image/catalog/image/catalog/image/catalog/image/catalog/products-2024/10prdct/nn0006/116.jpg,50.0000,https://numismat.net/1999-yili-100-000-lira-turkiye-cumhuriyeti-nin-75-yili,1999 Yılı 100.000 Lira Türkiye Cumhuriyeti'nin 75. Yılı
00117-000003-00008,https://numismat.net/image/catalog/image/catalog/image/catalog/image/catalog/products-2024/10prdct/nn0006/117.jpg,50.0000,https://numismat.net/1999-yili-100-000-lira-turkiye-cumhuriyeti-nin-75-yili-1,1999 Yılı 100.000 Lira Türkiye Cumhuriyeti'nin 75. Yılı
00118-000003-00009,https://numismat.net/image/catalog/image/catalog/image/catalog/image/catalog/products-2024/10prdct/nn0006/118.jpg,50.0000,https://numismat.net/1994-yili-10-000-lira-dunya-spor-ve-olimpik-dusunce-yili,1994 Yılı 10.000 Lira Dünya Spor ve Olimpik Düşünce Yılı
00119-000003-00010,https://numismat.net/image/catalog/image/catalog/image/catalog/image/catalog/products-2024/10prdct/nn0006/119.jpg,50.0000,https://numismat.net/1994-yili-10-000-lira-dunya-spor-ve-olimpik-dusunce-yili-1,1994 Yılı 10.000 Lira Dünya Spor ve Olimpik Düşünce Yılı
00120-000003-00011,https://numismat.net/image/catalog/image/catalog/image/catalog/image/catalog/products-2024/10prdct/nn0006/120.jpg,50.0000,https://numismat.net/1995-yili-25-000-lira-dunya-hosgoru-yili,1995 Yılı 25.000 Lira Dünya Hoşgörü Yılı
00121-000003-00012,https://numismat.net/image/catalog/image/catalog/image/catalog/image/catalog/products-2024/10prdct/nn0006/121.jpg,50.0000,https://numismat.net/1995-yili-25-000-lira-dunya-hosgoru-yili-1,1995 Yılı 25.000 Lira Dünya Hoşgörü Yılı
00122-000003-00013,https://numismat.net/image/catalog/image/catalog/image/catalog/image/catalog/products-2024/10prdct/nn0006/122.jpg,50.0000,https://numismat.net/1995-yili-25-000-lira-dunya-hosgoru-yili-2,1995 Yılı 25.000 Lira Dünya Hoşgörü Yılı
00123-000003-00014,https://numismat.net/image/catalog/image/catalog/image/catalog/image/catalog/products-2024/10prdct/nn0006/123.jpg,50.0000,https://numismat.net/1996-yili-50-000-lira-dunya-gida-zirvesi-roma,1996 Yılı 50.000 Lira Dünya Gıda Zirvesi - Roma
00124-000003-00015,https://numismat.net/image/catalog/image/catalog/image/catalog/image/catalog/products-2024/10prdct/nn0006/124.jpg,50.0000,https://numismat.net/1996-yili-50-000-lira-dunya-gida-zirvesi-roma-1,1996 Yılı 50.000 Lira Dünya Gıda Zirvesi - Roma
00125-000003-00016,https://numismat.net/image/catalog/image/catalog/image/catalog/image/catalog/products-2024/10prdct/nn0006/125.jpg,200.0000,https://numismat.net/1990-yili-1-000-10-000-25-000-50-000-100-000-lira,1990 Yılı 1.000-10.000-25.000-50.000-100.000 Lira
00126-000003-00017,https://numismat.net/image/catalog/image/catalog/image/catalog/image/catalog/products-2024/10prdct/nn0006/126.jpg,200.0000,https://numismat.net/1990-yili-1-000-10-000-25-000-50-000-100-000-lira-1,1990 Yılı 1.000-10.000-25.000-50.000-100.000 Lira
00127-000003-00018,https://numismat.net/image/catalog/image/catalog/image/catalog/image/catalog/products-2024/10prdct/nn0006/127.jpg,200.0000,https://numismat.net/1990-yili-1-000-10-000-25-000-50-000-100-000-lira-2,1990 Yılı 1.000-10.000-25.000-50.000-100.000 Lira
00128-000006-00026,https://numismat.net/image/catalog/image/catalog/image/catalog/image/catalog/products-2024/10prdct/nn0006/128.jpg,300.0000,https://numismat.net/darphane-2009-yili-1-lira-hayvanlar-serisi-fil,2009 Yılı 1 Lira Hayvanlar Serisi: Fil
00129-000006-00027,https://numismat.net/image/catalog/image/catalog/image/catalog/image/catalog/products-2024/10prdct/nn0006/129.jpg,300.0000,https://numismat.net/darphane-2009-yili-1-lira-hayvanlar-serisi-fil-1,2009 Yılı 1 Lira Hayvanlar Serisi: Fil
00130-000006-00028,https://numismat.net/image/catalog/image/catalog/image/catalog/image/catalog/products-2024/10prdct/nn0006/130.jpg,300.0000,https://numismat.net/darphane-2009-yili-1-lira-hayvanlar-serisi-fil-2,2009 Yılı 1 Lira Hayvanlar Serisi: Fil
00131-000006-00029,https://numismat.net/image/catalog/image/catalog/image/catalog/image/catalog/products-2024/10prdct/nn0006/131.jpg,300.0000,https://numismat.net/darphane-2009-yili-1-lira-hayvanlar-serisi-fil-3,2009 Yılı 1 Lira Hayvanlar Serisi: Fil
00132-000006-00030,https://numismat.net/image/catalog/image/catalog/image/catalog/image/catalog/products-2024/10prdct/nn0006/132.jpg,150.0000,https://numismat.net/darphane-2014-yili-1-lira-hayvanlar-serisi-cizgili-sirtlan,2014 Yılı 1 Lira Hayvanlar Serisi: Çizgili Sırtlan
00133-000006-00031,https://numismat.net/image/catalog/image/catalog/image/catalog/image/catalog/products-2024/10prdct/nn0006/133.jpg,150.0000,https://numismat.net/darphane-2014-yili-1-lira-hayvanlar-serisi-cizgili-sirtlan-1,2014 Yılı 1 Lira Hayvanlar Serisi: Çizgili Sırtlan
00134-000006-00032,https://numismat.net/image/catalog/image/catalog/image/catalog/image/catalog/products-2024/10prdct/nn0006/134.jpg,150.0000,https://numismat.net/darphane-2014-yili-1-lira-hayvanlar-serisi-cizgili-sirtlan-2,2014 Yılı 1 Lira Hayvanlar Serisi: Çizgili Sırtlan
00135-000006-00033,https://numismat.net/image/catalog/image/catalog/image/catalog/image/catalog/products-2024/10prdct/nn0006/135.jpg,150.0000,https://numismat.net/darphane-2014-yili-1-lira-hayvanlar-serisi-cizgili-sirtlan-3,2014 Yılı 1 Lira Hayvanlar Serisi: Çizgili Sırtlan
00136-000006-00034,https://numismat.net/image/catalog/image/catalog/image/catalog/image/catalog/products-2024/10prdct/nn0006/136.jpg,150.0000,https://numismat.net/darphane-2014-yili-1-lira-hayvanlar-serisi-cizgili-sirtlan-4,2014 Yılı 1 Lira Hayvanlar Serisi: Çizgili Sırtlan
00137-020001-00020,https://numismat.net/image/catalog/image/catalog/image/catalog/image/catalog/products-2024/10prdct/nn0006/137.jpg,200.0000,https://numismat.net/guernsey-1949-yili-8-double-ci-l-rb,Guernsey 1949 Yılı 8 Double  ÇİL RB
00138-020001-00021,https://numismat.net/image/catalog/image/catalog/image/catalog/image/catalog/products-2024/10prdct/nn0006/138.jpg,200.0000,https://numismat.net/guernsey-1949-yili-8-double-ci-l-rb-1,Guernsey 1949 Yılı 8 Double  ÇİL RB
00139-020001-00022,https://numismat.net/image/catalog/image/catalog/image/catalog/image/catalog/products-2024/10prdct/nn0006/139.jpg,150.0000,https://numismat.net/guernsey-1949-yili-8-double-ci-lalti-bn,Guernsey 1949 Yılı 8 Double  ÇİLALTI BN
00140-020001-00023,https://numismat.net/image/catalog/image/catalog/image/catalog/image/catalog/products-2024/10prdct/nn0006/140.jpg,200.0000,https://numismat.net/guernsey-1949-yili-8-double-ci-l-bn,Guernsey 1949 Yılı 8 Double  ÇİL BN
00141-020001-00024,https://numismat.net/image/catalog/image/catalog/image/catalog/image/catalog/products-2024/10prdct/nn0006/141.jpg,200.0000,https://numismat.net/guernsey-1949-yili-8-double-ci-l-bn-1,Guernsey 1949 Yılı 8 Double  ÇİL BN
00142-020001-00025,https://numismat.net/image/catalog/image/catalog/image/catalog/image/catalog/products-2024/10prdct/nn0006/142.jpg,250.0000,https://numismat.net/guernsey-1949-yili-8-double-ci-l-rb-2,Guernsey 1949 Yılı 8 Double  ÇİL RB
00143-020001-00026,https://numismat.net/image/catalog/image/catalog/image/catalog/image/catalog/products-2024/10prdct/nn0006/143.jpg,250.0000,https://numismat.net/guernsey-1956-yili-8-double-ci-l-rb,Guernsey 1956 Yılı 8 Double  ÇİL (+) RB
00144-020001-00027,https://numismat.net/image/catalog/image/catalog/image/catalog/image/catalog/products-2024/10prdct/nn0006/144.jpg,200.0000,https://numismat.net/guernsey-1959-yili-8-double-ci-l-rd-verdigris,Guernsey 1959 Yılı 8 Double  ÇİL RD (Verdigris)
00145-020001-00028,https://numismat.net/image/catalog/image/catalog/image/catalog/image/catalog/products-2024/10prdct/nn0006/145.jpg,200.0000,https://numismat.net/guernsey-1956-yili-8-double-ci-l-rb-1,Guernsey 1956 Yılı 8 Double  ÇİL RB
00146-020001-00029,https://numismat.net/image/catalog/image/catalog/image/catalog/image/catalog/products-2024/10prdct/nn0006/146.jpg,200.0000,https://numismat.net/guernsey-1956-yili-8-double-ci-l-bn,Guernsey 1956 Yılı 8 Double  ÇİL BN
00147-020001-00030,https://numismat.net/image/catalog/image/catalog/image/catalog/image/catalog/products-2024/10prdct/nn0006/147.jpg,200.0000,https://numismat.net/guernsey-1956-yili-8-double-ci-l-bn-1,Guernsey 1956 Yılı 8 Double  ÇİL BN
00148-020001-00031,https://numismat.net/image/catalog/image/catalog/image/catalog/image/catalog/products-2024/10prdct/nn0006/148.jpg,200.0000,https://numismat.net/guernsey-1956-yili-8-double-ci-l-rb-2,Guernsey 1956 Yılı 8 Double  ÇİL RB
00149-020001-00032,https://numismat.net/image/catalog/image/catalog/image/catalog/image/catalog/products-2024/10prdct/nn0006/149.jpg,200.0000,https://numismat.net/guernsey-1956-yili-8-double-ci-l-rb-3,Guernsey 1956 Yılı 8 Double  ÇİL (-) RB
00150-020001-00033,https://numismat.net/image/catalog/image/catalog/image/catalog/image/catalog/products-2024/10prdct/nn0006/150.jpg,200.0000,https://numismat.net/guernsey-1959-yili-8-double-ci-l-bn,Guernsey 1959 Yılı 8 Double  ÇİL BN
00151-020001-00034,https://numismat.net/image/catalog/image/catalog/image/catalog/image/catalog/products-2024/10prdct/nn0006/151.jpg,150.0000,https://numismat.net/guernsey-1959-yili-8-double-ci-lalti-bn,Guernsey 1959 Yılı 8 Double  ÇİLALTI BN
00152-020001-00035,https://numismat.net/image/catalog/image/catalog/image/catalog/image/catalog/products-2024/10prdct/nn0006/152.jpg,200.0000,https://numismat.net/guernsey-1959-yili-8-double-ci-l-bn-1,Guernsey 1959 Yılı 8 Double  ÇİL (-) BN
00153-020001-00036,https://numismat.net/image/catalog/image/catalog/image/catalog/image/catalog/products-2024/10prdct/nn0006/153.jpg,200.0000,https://numismat.net/guernsey-1959-yili-8-double-ci-l-rb,Guernsey 1959 Yılı 8 Double  ÇİL RB
00154-020001-00037,https://numismat.net/image/catalog/image/catalog/image/catalog/image/catalog/products-2024/10prdct/nn0006/154.jpg,150.0000,https://numismat.net/guernsey-1959-yili-8-double-ci-lalti-bn-1,Guernsey 1959 Yılı 8 Double  ÇİLALTI BN
00175-000006-00027,https://numismat.net/image/catalog/products_2024/500.jpg,75.0000,https://numismat.net/2015-yili-ankara-kecisi-darphane-hatira-hayvanlar-serisi-bimetal,2015 Yılı Ankara Keçisi Darphane Hatıra Hayvanlar Serisi Bimetal
00176-000006-00028,https://numismat.net/image/catalog/products_2024/output.png,1400.0000,https://numismat.net/2024-yili-ilk-9lu-set-padisahlar-serisi-bimetal,2024 Yılı İlk 9'Lu Set Padişahlar Serisi Bimetal
00176-020003-00005,https://numismat.net/image/catalog/image/catalog/products-2024/11prdct/1.jpg,500.0000,https://numismat.net/abd-1961-yili-1-2-dolar-franklin-ci-lalti,ABD 1961 Yılı 1/2 Dolar Franklin ÇİLALTI
00177-020003-00006,https://numismat.net/image/catalog/image/catalog/products-2024/11prdct/2.jpg,500.0000,https://numismat.net/abd-1962-yili-1-2-dolar-franklin-ci-lalti,ABD 1962 Yılı 1/2 Dolar Franklin ÇİLALTI
00178-020003-00007,https://numismat.net/image/catalog/image/catalog/products-2024/11prdct/3.jpg,500.0000,https://numismat.net/abd-1962-yili-1-2-dolar-franklin-cct,ABD 1962 Yılı 1/2 Dolar Franklin ÇÇT
00179-020003-00008,https://numismat.net/image/catalog/image/catalog/products-2024/11prdct/4.jpg,500.0000,https://numismat.net/abd-1943-yili-1-2-dolar-walking-liberty-cct,ABD 1943 Yılı 1/2 Dolar Walking Liberty ÇÇT
00180-020003-00009,https://numismat.net/image/catalog/image/catalog/products-2024/11prdct/5.jpg,500.0000,https://numismat.net/abd-1942-yili-1-2-dolar-walking-liberty-cct,ABD 1942 Yılı 1/2 Dolar Walking Liberty ÇÇT
00181-020003-00010,https://numismat.net/image/catalog/image/catalog/products-2024/11prdct/6.jpg,500.0000,https://numismat.net/abd-1944-yili-1-2-dolar-walking-liberty-cct,ABD 1944 Yılı 1/2 Dolar Walking Liberty ÇÇT
00182-020003-00011,https://numismat.net/image/catalog/image/catalog/products-2024/11prdct/7.jpg,125.0000,https://numismat.net/abd-1962-yili-10-cent-roosevelt-ci-l,ABD 1962 Yılı 10 Cent Roosevelt ÇİL
00183-020003-00012,https://numismat.net/image/catalog/image/catalog/products-2024/11prdct/8.jpg,125.0000,https://numismat.net/abd-1958-yili-10-cent-roosevelt-ci-l,ABD 1958 Yılı 10 Cent Roosevelt ÇİL
00184-020003-00013,https://numismat.net/image/catalog/image/catalog/products-2024/11prdct/9.jpg,125.0000,https://numismat.net/abd-1956-yili-10-cent-roosevelt-ci-l,ABD 1956 Yılı 10 Cent Roosevelt ÇİL (-)
00185-020003-00014,https://numismat.net/image/catalog/image/catalog/products-2024/11prdct/10.jpg,125.0000,https://numismat.net/abd-1951-yili-10-cent-roosevelt-cct,ABD 1951 Yılı 10 Cent Roosevelt ÇÇT
00186-020003-00015,https://numismat.net/image/catalog/image/catalog/products-2024/11prdct/11.jpg,125.0000,https://numismat.net/abd-1945-yili-10-cent-mercury-ct,ABD 1945 Yılı 10 Cent Mercury ÇT
00187-020003-00016,https://numismat.net/image/catalog/image/catalog/products-2024/11prdct/12.jpg,125.0000,https://numismat.net/abd-1945-yili-10-cent-mercury-ct-1,ABD 1945 Yılı 10 Cent Mercury ÇT -
00188-020003-00017,https://numismat.net/image/catalog/image/catalog/products-2024/11prdct/13.jpg,150.0000,https://numismat.net/abd-1944-yili-10-cent-mercury-ci-lalti,ABD 1944 Yılı 10 Cent Mercury ÇİLALTI
00189-020003-00018,https://numismat.net/image/catalog/image/catalog/products-2024/11prdct/14.jpg,125.0000,https://numismat.net/abd-1943-yili-10-cent-mercury-cct,ABD 1943 Yılı 10 Cent Mercury ÇÇT
00190-020003-00019,https://numismat.net/image/catalog/image/catalog/products-2024/11prdct/15.jpg,125.0000,https://numismat.net/abd-1943-yili-10-cent-mercury-cct-1,ABD 1943 Yılı 10 Cent Mercury ÇÇT
00191-020003-00020,https://numismat.net/image/catalog/image/catalog/products-2024/11prdct/16.jpg,125.0000,https://numismat.net/abd-1942-yili-10-cent-mercury-cct,ABD 1942 Yılı 10 Cent Mercury ÇÇT
00192-020003-00021,https://numismat.net/image/catalog/image/catalog/products-2024/11prdct/17.jpg,125.0000,https://numismat.net/abd-1942-yili-10-cent-mercury-cct-1,ABD 1942 Yılı 10 Cent Mercury ÇÇT (-)
00193-020003-00022,https://numismat.net/image/catalog/image/catalog/products-2024/11prdct/18.jpg,125.0000,https://numismat.net/abd-1941-yili-10-cent-mercury-cct,ABD 1941 Yılı 10 Cent Mercury ÇÇT
00194-020003-00023,https://numismat.net/image/catalog/image/catalog/products-2024/11prdct/19.jpg,125.0000,https://numismat.net/abd-1936-yili-10-cent-mercury-cct,ABD 1936 Yılı 10 Cent Mercury ÇÇT
00195-020001-00054,https://numismat.net/image/catalog/image/catalog/products-2024/11prdct/20.jpg,100.0000,https://numismat.net/hollanda-1938-yili-10-cent-ci-l,Hollanda 1938 Yılı 10 Cent  ÇİL
00196-020005-00001,https://numismat.net/image/catalog/image/catalog/products-2024/11prdct/21.jpg,175.0000,https://numismat.net/yeni-zelanda-1946-yili-3-pence-ci-l,Yeni Zelanda 1946 Yılı 3 Pence  ÇİL (+)
00197-020005-00002,https://numismat.net/image/catalog/image/catalog/products-2024/11prdct/22.jpg,150.0000,https://numismat.net/avustralya-1925-yili-6-pence-ct,Avustralya 1925 Yılı 6 Pence  ÇT
00198-020002-00004,https://numismat.net/image/catalog/image/catalog/products-2024/11prdct/23.jpg,175.0000,https://numismat.net/misir-1937-yili-2-kurus-ci-lalti,Mısır 1937 Yılı 2 Kuruş  ÇİLALTI
00199-020002-00005,https://numismat.net/image/catalog/image/catalog/products-2024/11prdct/24.jpg,200.0000,https://numismat.net/guney-rodezya-zimbabve-1940-yili-6-pence-ct,Güney Rodezya (Zimbabve) 1940 Yılı 6 Pence  ÇT
00200-020002-00006,https://numismat.net/image/catalog/image/catalog/products-2024/11prdct/25.jpg,250.0000,https://numismat.net/guney-rodezya-zimbabve-1940-yili-6-pence-cct,Güney Rodezya (Zimbabve) 1940 Yılı 6 Pence  ÇÇT (+)
00201-020002-00007,https://numismat.net/image/catalog/image/catalog/products-2024/11prdct/26.jpg,225.0000,https://numismat.net/guney-rodezya-zimbabve-1940-yili-6-pence-cct-1,Güney Rodezya (Zimbabve) 1940 Yılı 6 Pence  ÇÇT
00202-020002-00008,https://numismat.net/image/catalog/image/catalog/products-2024/11prdct/27.jpg,225.0000,https://numismat.net/guney-rodezya-zimbabve-1942-yili-6-pence-cct,Güney Rodezya (Zimbabve) 1942 Yılı 6 Pence  ÇÇT
00203-020002-00009,https://numismat.net/image/catalog/image/catalog/products-2024/11prdct/28.jpg,225.0000,https://numismat.net/guney-rodezya-zimbabve-1942-yili-6-pence-cct-1,Güney Rodezya (Zimbabve) 1942 Yılı 6 Pence  ÇÇT
00204-020002-00010,https://numismat.net/image/catalog/image/catalog/products-2024/11prdct/29.jpg,250.0000,https://numismat.net/guney-rodezya-zimbabve-1942-yili-6-pence-cct-2,Güney Rodezya (Zimbabve) 1942 Yılı 6 Pence  ÇÇT (+)
00205-020001-00055,https://numismat.net/image/catalog/image/catalog/products-2024/11prdct/30.jpg,120.0000,https://numismat.net/i-svicre-1963-yili-1-2-frank-ci-l,İsviçre 1963 Yılı 1/2 Frank  ÇİL
00206-020005-00003,https://numismat.net/image/catalog/image/catalog/products-2024/11prdct/31.jpg,200.0000,https://numismat.net/malaya-1939-yili-10-cent-ci-l,Malaya 1939 Yılı 10 Cent  ÇİL
00207-020005-00004,https://numismat.net/image/catalog/image/catalog/products-2024/11prdct/32.jpg,200.0000,https://numismat.net/malaya-1939-yili-10-cent-ci-l-1,Malaya 1939 Yılı 10 Cent  ÇİL
00208-020005-00005,https://numismat.net/image/catalog/image/catalog/products-2024/11prdct/33.jpg,200.0000,https://numismat.net/malaya-1939-yili-10-cent-ci-l-2,Malaya 1939 Yılı 10 Cent  ÇİL
00209-020005-00006,https://numismat.net/image/catalog/image/catalog/products-2024/11prdct/34.jpg,200.0000,https://numismat.net/malaya-1939-yili-10-cent-ci-l-3,Malaya 1939 Yılı 10 Cent  ÇİL
00210-020005-00007,https://numismat.net/image/catalog/image/catalog/products-2024/11prdct/35.jpg,200.0000,https://numismat.net/malaya-1939-yili-10-cent-ci-l-4,Malaya 1939 Yılı 10 Cent  ÇİL
00211-000005-00004,https://numismat.net/image/catalog/image/catalog/products-2024/11prdct/36.jpg,500.0000,https://numismat.net/2024-yili-5-tl-kibris-harekati-nin-50-yil-donumu-ci-l,2024 Yılı 5 TL Kıbrıs Harekâtı'nın 50. Yıl Dönümü ÇİL (-)
00212-000005-00005,https://numismat.net/image/catalog/image/catalog/products-2024/11prdct/37.jpg,550.0000,https://numismat.net/2024-yili-5-tl-kibris-harekati-nin-50-yil-donumu-ci-l-1,2024 Yılı 5 TL Kıbrıs Harekâtı'nın 50. Yıl Dönümü ÇİL
00213-020001-00056,https://numismat.net/image/catalog/image/catalog/products-2024/11prdct/38.jpg,200.0000,https://numismat.net/guernsey-1956-yili-8-double-ci-l,Guernsey 1956 Yılı 8 Double  ÇİL (+)
00214-020001-00057,https://numismat.net/image/catalog/image/catalog/products-2024/11prdct/39.jpg,100.0000,https://numismat.net/jersey-1957-yili-1-12-shilling-ci-l,Jersey 1957 Yılı 1/12 Shilling  ÇİL
00215-020001-00058,https://numismat.net/image/catalog/image/catalog/products-2024/11prdct/40.jpg,75.0000,https://numismat.net/birlesik-krallik-1934-yili-1-penny-cct,Birleşik Krallık 1934 Yılı 1 Penny  ÇÇT
00216-000005-00006,https://numismat.net/image/catalog/image/catalog/products-2024/11prdct/41.jpg,150.0000,https://numismat.net/2012-yili-1-tl-sayistay-in-150-yili-ci-l,2012 Yılı 1 TL Sayıştay'ın 150. Yılı ÇİL (+)
